canonical_smiles,molecule_chembl_id,relation,standard_relation,standard_units,standard_value,units,value,pKi
N=C(N)c1cccc(C[C@H](NS(=O)(=O)c2cccc(-c3ccc(Cl)cc3Cl)c2)C(=O)N2CCC(NC(=O)NC3CCCCC3)CC2)c1,CHEMBL3219103,=,=,nM,20.0,uM,0.02,7.698970004336019
COc1ccc(C(=O)NCC2CCN(Cc3ccnc(O)c3)CC2)cc1OCCc1ccc(Cl)cc1Cl,CHEMBL421560,=,=,nM,950.0,nM,950.0,6.022276394711152
C/C(=C(\F)C(=O)Nc1ccc(-c2ccccc2S(N)(=O)=O)cc1Cl)c1ccc(F)c(C(=N)N)c1,CHEMBL39297,=,=,nM,0.18,nM,0.18,9.744727494896694
N=C(N)NCCC(=O)N1CCN(C(=O)[C@H](Cc2cccc(C(=N)N)c2)NS(=O)(=O)Cc2ccc3ccccc3c2)CC1,CHEMBL209334,=,=,nM,130000.0,uM,130.0,3.886056647693163
O=C(N[C@H]1CCC[C@H]1NS(=O)(=O)c1ccc(Cl)cc1)c1ccc(-n2ccccc2=O)cc1,CHEMBL410550,=,=,nM,11500.0,nM,11500.0,4.939302159646388
NCc1ccc(Cl)cc1CNC(=O)[C@H](CO)NC(=O)[C@@H](CCc1cccc[n+]1[O-])NS(=O)(=O)Cc1ccccc1,CHEMBL396058,=,=,nM,0.059,nM,0.059,10.229147988357855
CN1CCN(C(=O)[C@H](Cc2cccc(C(=N)N)c2)NS(=O)(=O)c2ccc3ccccc3c2)CC1,CHEMBL320512,=,=,nM,29991.63,,4.523,4.5229999303468915
COC(=O)CC(CCc1ccc(NS(C)(=O)=O)cc1)c1cccc(C(=N)N)c1,CHEMBL436026,=,=,nM,654.0,nM,654.0,6.184422251675732
CC(C)N1CCC(NC(=O)c2cn(Cc3cc(-c4ccc(Cl)s4)on3)c3ccccc23)CC1,CHEMBL5199539,=,=,nM,241.0,nM,241.0,6.617982957425132
N=C(N)c1cccc(CN2CC[C@H](NS(=O)(=O)c3ccc(Oc4ccccc4)cc3)C2=O)c1,CHEMBL119249,=,=,nM,380.0,uM,0.38,6.42021640338319
Cc1cc(NC(=O)OCC(Oc2cccc3sc(C(=N)N)cc23)c2ccccc2)n(C)n1,CHEMBL606177,=,=,nM,2051.0,uM,2.051,5.688034339631634
Cc1cc(C(=O)Nc2ccc(-c3ccccc3S(N)(=O)=O)cc2)n(-c2ccccc2N)n1,CHEMBL138516,=,=,nM,600.0,nM,600.0,6.221848749616356
Cc1ccc2c(c1)cc(C(=O)NC1CCN(C(C)C)CC1)n2Cc1cc(-c2ccc(Cl)s2)on1,CHEMBL364696,=,=,nM,9.0,nM,9.0,8.045757490560675
CCCS(=O)(=O)N[C@@H](C(=O)N[C@@H](CCSC)C(=O)NCc1ccc(C(=N)N)cc1)[C@@H](C)O,CHEMBL524462,=,=,nM,25000.0,nM,25000.0,4.6020599913279625
Cc1nc2c(Oc3cccc(C(=O)N(C)C)c3)nc(Oc3cc(C(=N)N)ccc3O)nc2n1Cc1ccccc1,CHEMBL72527,=,=,nM,10.0,nM,10.0,8.0
O=C(N[C@H]1CCCC[C@H]1NC(=O)c1ccc(Cl)cc1)c1ccc(-n2ccccc2=O)cc1,CHEMBL233541,=,=,nM,37.0,nM,37.0,7.431798275933005
NS(=O)(=O)c1ccccc1-c1ccc(NC(=O)C2CC(c3ccc(Cl)cc3Cl)=NO2)cc1,CHEMBL301976,=,=,nM,1700.0,uM,1.7,5.769551078621726
CC1CN(CCC2CCN(Cc3ccccc3)CC2)C(=O)N(c2cccc(C(=N)N)c2)C1,CHEMBL3779949,=,=,nM,400.0,uM,0.4,6.3979400086720375
N=C(N)c1cccc(Oc2ccc(C(N)=O)c(Oc3cccc(C(=N)N)c3)n2)c1,CHEMBL48206,=,=,nM,600.0,nM,600.0,6.221848749616356
CCOC(=O)[C@]1(C)CCC[C@@]2(C)[C@@H]3CC[C@@]4(C)C[C@]3(CC[C@@H]21)C/C4=N\OCc1cccc(Cl)c1,CHEMBL4587713,=,=,nM,18087.0,uM,18.087,4.742633461414985
Cc1cc(C(=O)Nc2ccc(-c3ccccc3S(C)(=O)=O)cc2)n(-c2ccc3cc(Cl)ccc3c2)n1,CHEMBL280696,=,=,nM,1.4,nM,1.4,8.853871964321762
COc1ccc2ccc(S(=O)(=O)N(Cc3cc[nH]n3)[C@H]3CCN(Cc4cccc(C(=N)N)c4)C3=O)cc2c1,CHEMBL119964,=,=,nM,21.0,uM,0.021,7.6777807052660805
CS(=O)(=O)N1C[C@H](C(=O)Nc2ccc(OC(F)(F)F)cc2)[C@@H](C(=O)Nc2ccc(-n3ccccc3=O)cc2F)C1,CHEMBL1222020,=,=,nM,17300.0,uM,17.3,4.761953896871205
NCCCCNC(=O)[C@@H]1Cc2ccc(cc2)NC(=O)CCN2CCN(CCC(=O)Nc3ccc(cc3)C[C@@H](NS(=O)(=O)NC3CCCCC3)C(=O)N1)CC2.O=C(O)C(F)(F)F.O=C(O)C(F)(F)F.O=C(O)C(F)(F)F,CHEMBL4583612,=,=,nM,39520.0,nM,39520.0,4.403183064084409
N=C(N)c1ccc(CCC(=O)O)c(OCCNC(=O)C2CCN(c3ccncc3)CC2)c1,CHEMBL293045,=,=,nM,43.0,uM,0.043,7.366531544420414
Cn1c(CN2CCN(Cc3ccc4c(N)ncnc4c3)C(=O)C2)nc2ccc(Cl)cc21,CHEMBL174409,=,=,nM,290.0,nM,290.0,6.5376020021010435
CS(=O)(=O)c1ccccc1-c1ccc(NC(=O)c2cc(C(F)(F)F)nn2-c2cccc(CN)c2)c(F)c1.Cl,CHEMBL559015,=,=,nM,150.0,uM,0.15,6.823908740944319
N=C(N)c1cccc(C(=O)N[C@@H](C(=O)N2CCN(c3ccc(Cl)cc3)CC2)c2ccccc2)c1,CHEMBL20672,=,=,nM,16.0,nM,16.0,7.795880017344075
CC(C)[C@H](NCc1ccc(C(=N)N)cc1)C(=O)[C@@H](CCCNC(=N)N)NS(=O)(=O)Cc1ccccc1,CHEMBL1809252,=,=,nM,21.0,nM,21.0,7.6777807052660805
Clc1ccc(-n2cncn2)c(Cc2nc3c(NCCC4CCCCN4Cc4ccccc4)nccc3o2)c1,CHEMBL198978,=,=,nM,3.7,nM,3.7,8.431798275933005
CCOC(=O)[C@]1(C)CCC[C@@]2(C)[C@@H]3CC[C@@]4(C)C[C@]3(CC[C@@H]21)C/C4=N\OCc1cnc(Cl)s1,CHEMBL4548476,=,=,nM,1941.0,uM,1.941,5.711974464611637
COc1ccc(-n2nc(C(F)(F)F)c3c2C(=O)N(c2ccc(C4(C(=O)N5CCCC5)CC4)cc2)CC3)cc1,CHEMBL459854,=,=,nM,169.0,nM,169.0,6.772113295386326
CNC(=O)C(=O)[C@H](CCCCN)NC(=O)CN(C)C(=O)c1ccccc1Sc1ccccc1C#N,CHEMBL22944,=,=,nM,110.0,nM,110.0,6.958607314841775
CS(=O)(=O)NC1CN(CC2CCN(Cc3ccccc3)CC2)C(=O)N(c2cccc(C(=N)N)c2)C1,CHEMBL3780273,=,=,nM,510.0,uM,0.51,6.292429823902063
CC(=N)N1CCC(Oc2ccc3cc(C(=O)O)n(Cc4ccc5ccc(C(=N)N)cc5c4)c3c2)CC1,CHEMBL176568,=,=,nM,4.6,nM,4.6,8.337242168318426
O=C1[C@@H](NS(=O)(=O)c2ccc3c(Cl)c[nH]c3c2)CCN1c1ccc2c(c1)CNCC2,CHEMBL1689020,=,=,nM,15.0,nM,15.0,7.823908740944319
C[C@H]1CCC[C@H](Oc2cccc(-c3nc4cc(C(=N)N)c(F)cc4[nH]3)c2O)C1,CHEMBL294067,=,=,nM,38000.0,uM,38.0,4.42021640338319
CC[C@H](C)[C@@H](NS(=O)(=O)Cc1ccccc1)C(=O)N[C@@H](CCSC)C(=O)NCc1ccc(C(=N)N)cc1,CHEMBL526453,=,=,nM,160.0,nM,160.0,6.795880017344075
CC(=N)N1CC[C@H](Oc2ccc([C@H](Cc3ccc4ccc(C(=N)N)cc4c3)C(=O)O)cc2)C1,CHEMBL19902,=,=,nM,40.0,nM,40.0,7.3979400086720375
CCN(Cc1csc(C(=O)Nc2c(OC)cc(Cl)cc2C(=O)Nc2ccc(Cl)cn2)c1Cl)C1=NC(C)CO1,CHEMBL226616,=,=,nM,0.031,nM,0.031,10.508638306165727
N=C(N)c1cc2cc(-c3cccc(OCc4ccc(F)c(F)c4)c3)ccc2s1,CHEMBL596765,=,=,nM,5700.0,uM,5.7,5.2441251443275085
COc1ccc(C(=O)NC2CCN(C3CCOCC3)CC2)cc1OCCc1ccc(Cl)cc1Cl,CHEMBL192742,=,=,nM,2518.0,uM,2.518,5.598944274228156
N=C(N)c1ccc(C(=O)NCCOc2cc(C(=N)N)ccc2CC(=O)C(=O)O)cc1,CHEMBL52932,=,=,nM,26.0,uM,0.026,7.585026652029182
N=C(N)c1cccc([C@@H]2CN(Cc3ccc(-c4ccccc4S(N)(=O)=O)cc3)C[C@@H]2C(=O)O)c1.O=C(O)C(F)(F)F.O=C(O)C(F)(F)F,CHEMBL277366,=,=,nM,460.0,nM,460.0,6.337242168318426
N=C(N)c1ccc(CN(NS(=O)(=O)c2ccc3ccccc3c2)C(=O)N2CCCCCC2)cc1,CHEMBL288862,=,=,nM,69000.0,uM,69.0,4.161150909262744
O=C(Nc1cccc(OCc2cccc(F)c2)c1)C1CCN(c2ccncc2)CC1,CHEMBL2441057,=,=,nM,5640.0,uM,5.64,5.248720896016658
CCOC(=O)C(=O)N(Cc1ccc(F)cc1)c1ccc2c(c1)OC(C)(COc1ccc(C(=N)N)cc1)CN2C,CHEMBL1952401,=,=,nM,2830.0,uM,2.83,5.548213564475709
Cc1cc(C)cc(CCN(CC(=O)NC(CCC/N=C/N)B(O)O)C(=O)CCc2ccccc2)c1,CHEMBL102779,=,=,nM,30.0,nM,30.0,7.522878745280337
N=C(N)c1ccc(Oc2cccc(Oc3ccc(C(=N)N)cc3)n2)cc1,CHEMBL298415,=,=,nM,400.0,nM,400.0,6.3979400086720375
N=C(N)c1cccc(CC(NS(=O)(=O)c2cccc(-c3ccncc3)c2)C(=O)N2CCC(CCN)CC2)c1,CHEMBL468894,=,=,nM,1600.0,uM,1.6,5.795880017344075
CC(=O)c1cccc(Oc2nc(Oc3cccc(C(=N)N)c3)c(F)c(C)c2F)c1,CHEMBL82127,=,=,nM,1400.0,nM,1400.0,5.853871964321762
CCCCc1cc(C(=O)Nc2ccc(-c3ccccc3S(N)(=O)=O)cc2)n(-c2cccc(C(=N)N)c2)n1.O=C(O)C(F)(F)F,CHEMBL347931,=,=,nM,0.06,nM,0.06,10.221848749616356
N=C(N)c1ccc(CN(NS(=O)(=O)c2ccc3ccccc3c2)C(=O)N2CCCCC2)cc1,CHEMBL41220,=,=,nM,66000.0,uM,66.0,4.180456064458132
COc1cccc2c1cc(C(=O)NCCc1ccc(O)cc1)n2Cc1cccc(C(=N)N)c1,CHEMBL96543,=,=,nM,970.0,nM,970.0,6.013228265733755
CCCNc1cnc2n(c1=O)[C@H](C(=O)NCc1ccc(C(=N)N)cc1)CC2(CC)CC,CHEMBL2334319,=,=,nM,12000.0,nM,12000.0,4.920818753952375
Cc1cc(-c2ccccc2S(N)(=O)=O)ccc1NC(=O)C1(Cn2cnnn2)CC(c2cccc(C(=N)N)c2)=NO1.O=C(O)C(F)(F)F,CHEMBL329460,=,=,nM,1.0,nM,1.0,9.0
CCOC(=O)[C@]1(C)CCC[C@@]2(C)[C@@H]3CC[C@@]4(C)C[C@]3(CC[C@@H]21)C/C4=N\OCc1csc2ccc(Cl)cc12,CHEMBL4455676,=,=,nM,515.0,uM,0.515,6.288192770958809
N=C(N)NCCC[C@@H](NC(=O)CN1CCN(S(=O)(=O)c2ccc(Cl)cc2)CC1=O)C(=O)c1nccs1,CHEMBL159695,=,=,nM,2.3,nM,2.3,8.638272163982407
O=C(Nc1ccc(Cl)cc1)c1cc(Cl)ccc1NC(=O)c1scc(Cn2cnnn2)c1Cl,CHEMBL437187,=,=,nM,1.7,nM,1.7,8.769551078621726
CN1CC(C)(COc2ccc(C(=N)N)cc2)Oc2cc(N(CC(=O)O)Cc3cccc(F)c3)ccc21,CHEMBL1949701,=,=,nM,6600.0,uM,6.6,5.180456064458132
N=C(N)c1cccc(C[C@H](NS(=O)(=O)c2ccc3ccccc3c2)C(=O)N2CCC(C=O)CC2)c1,CHEMBL145108,=,=,nM,19010.78,,4.721,4.721000063947474
O=C(N[C@H]1CCC[C@H]1NC(=O)c1ccc2c(Cl)c[nH]c2c1)c1ccc(N2CCOCC2=O)cc1,CHEMBL400816,=,=,nM,4.2,nM,4.2,8.3767507096021
COc1ccc(-n2nc(C(F)(F)F)cc2C(=O)Nc2ccc(-c3ccccc3S(N)(=O)=O)cc2F)c(CN)c1,CHEMBL151750,=,=,nM,0.88,nM,0.88,9.05551732784983
O=C(NC1CCN(C2CCCC2)CC1)c1cc2ccccc2n1Cc1cc(-c2ccc(Cl)s2)on1,CHEMBL362294,=,=,nM,71.0,nM,71.0,7.1487416512809245
CCOC(=O)C(Cc1ccccc1)C(=O)Nc1ccc2c(c1)N(C)CC(C)(COc1ccc(C(=N)N)cc1)O2,CHEMBL494513,=,=,nM,29500.0,uM,29.5,4.530177984021837
N#Cc1cc(-n2nc(C(F)(F)F)c3c2C(=O)N(C2CCN(N4CCOCC4=O)CC2)CC3)ccc1OC(F)F,CHEMBL5790681,=,=,nM,525.0,nM,525.0,6.279840696594043
COc1ccc(-n2nc(C(F)(F)F)c3c(C)nn(-c4ccc(-c5ccccc5S(N)(=O)=O)cc4)c(=O)c32)cc1,CHEMBL212974,=,=,nM,2.8,nM,2.8,8.55284196865778
O=C(Nc1cccc(OCc2ccc3c(c2)OCO3)c1)C1CCN(c2ccncc2)CC1,CHEMBL2441035,=,=,nM,3720.0,uM,3.72,5.429457060118103
CCNCC(=O)N=S(C)(=O)c1ccc(C(=O)Nc2ccc(Cl)cc2C(=O)Nc2ccc(Cl)cn2)cc1,CHEMBL3392115,=,=,nM,1.5,nM,1.5,8.823908740944319
O=C(NCC1CCN(c2ccncc2)CC1)c1cc(OCCc2ccc(Cl)cc2Cl)ccc1Cl,CHEMBL4227565,=,=,nM,241.0,nM,241.0,6.617982957425132
N=C(N)c1ccc(CNC(=O)[C@H](CCC2CCNCC2)NC(=O)[C@@H](CCCc2ccncc2)NS(=O)(=O)Cc2ccccc2)cc1,CHEMBL3660191,=,=,nM,850.0,nM,850.0,6.070581074285707
N=C(N)c1ccc(/C=C2\CC(c3ccccc3)C/C(=C\c3ccc(C(=N)N)cc3)C2=O)cc1,CHEMBL149410,=,=,nM,3300.0,nM,3300.0,5.481486060122113
CC1CCN(C(=O)[C@@H](N)Cc2cccc(C(=N)N)c2)CC1,CHEMBL358508,=,=,nM,230144.18,,3.638,3.638000003285079
O=C(N[C@H]1CCCC[C@H]1NC(=O)c1ccc2c(Cl)c[nH]c2c1)c1ccc(N2CCCCCC2=O)cc1,CHEMBL439054,=,=,nM,17.0,nM,17.0,7.769551078621726
COc1cc([C@@H](Nc2ccc(C(=N)N)cc2)C(=O)N[C@H](C(=O)O)c2ccccc2)ccc1OCc1ccccc1,CHEMBL178616,=,=,nM,8000.0,uM,8.0,5.096910013008056
Cc1ncn(-c2cc(Cl)c(C(=O)NC[C@@H](c3cccc(F)c3)c3nc4ccc(Cl)cc4[nH]3)c(Cl)c2)n1,CHEMBL3627895,=,=,nM,20720.0,nM,20720.0,4.683610248926804
CN(C)C(=O)c1ccc(NC(=O)C(Oc2cccc3sc(C(=N)N)cc23)c2ccccc2)cc1,CHEMBL599613,=,=,nM,0.6,uM,0.0006,9.221848749616356
CC(C)(C)[C@@H](O)C(=O)N1CCOC[C@H]1C(=O)NCc1cc(Cl)ccc1CN.O=C(O)C(F)(F)F,CHEMBL3114556,=,=,nM,3900.0,nM,3900.0,5.4089353929735005
N=C(N)c1cc2c(OC(CNC(=O)Oc3ccccc3)c3ccccc3)cccc2s1,CHEMBL597370,=,=,nM,560.0,uM,0.56,6.251811972993799
Cc1ccc(C(=O)Nc2ccc(Cl)cc2)c(NC(=O)c2sc3ccccc3c2Cl)c1,CHEMBL146641,=,=,nM,7.2,nM,7.2,8.142667503568731
CC(C)c1cc(C(C)C)c(S(=O)(=O)N[C@@H](Cc2cccc(C(=N)N)c2)C(=O)N2CCCN(C(=O)CCN)CC2)c(C(C)C)c1,CHEMBL209963,=,=,nM,5300.0,uM,5.3,5.275724130399211
Cl.Cl.N=C(N)c1cccc(N2CCCCN(C3CCN(Cc4ccccc4)CC3)C2=O)c1,CHEMBL553840,=,=,nM,102.0,nM,102.0,6.991399828238082
COC(=O)N1C[C@H](NC(=O)c2ccc(-n3ccccc3=O)cc2)[C@H](NC(=O)c2ccc(Cl)s2)C1,CHEMBL393533,=,=,nM,0.74,nM,0.74,9.130768280269024
Nc1ccc(CNC(=O)[C@@H]2CCCN2C(=O)[C@@H](Cc2ccc(Cl)c(Cl)c2)NS(=O)(=O)Cc2ccccc2)cn1,CHEMBL121982,=,=,nM,7600.0,nM,7600.0,5.119186407719209
O=C(N[C@H]1CCCC[C@H]1NC(=O)c1cc2ccc(Cl)cc2[nH]1)c1ccc(-n2ccccc2=O)cc1,CHEMBL233131,=,=,nM,14.0,nM,14.0,7.853871964321762
CC(C)N1CCC(NC(=O)c2cccn2CC(=O)Nc2ccc(Cl)cc2)CC1,CHEMBL5208176,=,=,nM,51.0,nM,51.0,7.292429823902063
N=C(N)c1cccc(C[C@H](NS(=O)(=O)c2cccc(NC(=O)CCN)c2)C(=O)N2CCC(Cc3ccccc3)CC2)c1,CHEMBL445195,=,=,nM,3400.0,uM,3.4,5.468521082957745
CCCS(=O)(=O)N1C[C@H](C(=O)Nc2ccc(Cl)cc2)[C@@H](C(=O)Nc2ccc(-n3ccccc3=O)cc2F)C1,CHEMBL1221726,=,=,nM,18.0,uM,0.018,7.7447274948966935
COc1c(O)cc(C(=N)N)cc1Oc1nc(Oc2cccc(C(=O)N(C)C)c2)c(F)c(C)c1F,CHEMBL83175,=,=,nM,160.0,nM,160.0,6.795880017344075
Cc1c(F)c(Oc2cccc(C(=N)N)c2)nc(Oc2cccc(C(=O)N(C)C)c2O)c1F,CHEMBL419116,=,=,nM,4500.0,nM,4500.0,5.346787486224656
N=C(N)c1ccc2scc(C(Cc3ccccc3)C(=O)Nc3ccc(-n4ccc(C(F)(F)F)n4)cc3)c2c1.O=C(O)C(F)(F)F,CHEMBL361327,=,=,nM,410.0,uM,0.41,6.3872161432802645
CC(=N)N1CCC(Oc2ccc(N(C/C=C/c3cccc(C(=N)N)c3)C(=O)c3ccc(C(=O)O)c(C(=O)O)c3)cc2C(F)(F)F)CC1,CHEMBL24263,=,=,nM,0.56,nM,0.56,9.2518119729938
Cc1c(F)c(Oc2cccc(C(=O)N(C)C)c2)nc(Oc2cc(C(=N)N)cc(O)c2O)c1F,CHEMBL82456,=,=,nM,23.0,nM,23.0,7.638272163982407
CCc1nc2ccc(OC3CCN(C(C)=N)CC3)cc2n1Cc1ccc(-c2ccc(C(=N)N)cc2)cc1,CHEMBL25184,=,=,nM,180.0,nM,180.0,6.7447274948966935
C[N+](C)(C)c1ccc(CNC(=O)c2cc3cc(Cl)ccc3n2Cc2cccc(C(=N)N)c2)cc1.O=C([O-])C(F)(F)F,CHEMBL541151,=,=,nM,140.0,nM,140.0,6.853871964321762
C[N+](C)(C)c1ccc(CNC(=O)c2cc3cc(S(C)(=O)=O)ccc3n2Cc2cccc(C(=N)N)c2)cc1.O=C([O-])C(F)(F)F,CHEMBL553012,=,=,nM,226.0,nM,226.0,6.645891560852599
CC1CCN(C(=O)[C@H](Cc2cccc(C(=N)N)c2)NS(=O)(=O)c2ccc3ccccc3c2)CC1,CHEMBL358970,=,=,nM,41020.41,,4.387,4.387000003162004
CCOC(=O)[C@]1(C)CCC[C@@]2(C)[C@@H]3CC[C@@]4(C)C[C@]3(CC[C@@H]21)C/C4=N\OCc1ccc(F)cc1,CHEMBL4458446,=,=,nM,4333.0,uM,4.333,5.363211310965625
CN1CCN=C1c1ccc(C(=O)N2CCN(S(=O)(=O)c3cc4cc(Cl)ccc4[nH]3)CC2)cc1,CHEMBL294121,=,=,nM,1.9,nM,1.9,8.721246399047171
N=C(N)c1cccc(C[C@H](NS(=O)(=O)c2ccc3ccccc3c2)C(=O)N2CCC(C3CCN(C(=N)N)CC3)CC2)c1,CHEMBL379357,=,=,nM,25000.0,uM,25.0,4.6020599913279625
Cc1cc(-c2ccccc2)c(O)c(-c2cc3cc(C(=N)N)ccc3[nH]2)c1,CHEMBL52427,=,=,nM,210.0,uM,0.21,6.6777807052660805
CC(=N)N1CCC(Oc2ccc3nc(C(C)(C)C)n(Cc4ccc5ccc(C(=N)N)cc5c4)c3c2)CC1,CHEMBL425132,=,=,nM,0.046,nM,0.046,10.337242168318426
N=C(N)c1ccc(CNC(=O)[C@H](CCC2CCNCC2)NC(=O)[C@@H](CCc2cc[n+]([O-])cc2)NS(=O)(=O)Cc2ccccc2)cc1,CHEMBL3660188,=,=,nM,120.0,nM,120.0,6.920818753952375
COc1c(O)c(C(=O)Nc2ccc(NC(=N)N)cc2)cc2cc3ccccc3cc12,CHEMBL303970,=,=,nM,13000.0,uM,13.0,4.886056647693163
CCNC(=O)N(C)Cc1csc(C(=O)Nc2c(OC)cc(Cl)cc2C(=O)Nc2ccc(Cl)cn2)c1Cl,CHEMBL226931,=,=,nM,0.02,nM,0.02,10.698970004336019
CCOC(=O)c1cc2ccc(OC3CCN(C(C)=N)CC3)cc2n1Cc1ccc2ccc(C(=N)N)cc2c1,CHEMBL433600,=,=,nM,0.6,nM,0.6,9.221848749616356
CCOC(=O)COc1cc(C(C)C)ccc1CCNS(=O)(=O)c1cc(/C(N)=N/O)ccc1O,CHEMBL457632,=,=,nM,3500.0,nM,3500.0,5.455931955649724
Cc1c(F)c(Oc2cccc(C(=O)N(C)C)c2)nc(Oc2cc(C(=N)N)ccc2O)c1F,CHEMBL419651,=,=,nM,1.2,nM,1.2,8.920818753952375
O=C(N[C@H]1CCCC[C@@H]1NC(=O)c1ccc2c(Cl)c[nH]c2c1)c1ccc(-n2ccccc2=O)cc1,CHEMBL231787,=,=,nM,3.7,nM,3.7,8.431798275933005
COC(=O)CN(Cc1cc[n+](C)cc1)C(=O)c1cc2ccccc2n1Cc1cccc(C(=N)N)c1.O=C([O-])C(F)(F)F,CHEMBL554177,=,=,nM,170.0,nM,170.0,6.769551078621726
CCOC(=O)C[C@H](NC(=O)c1ccc2c(c1)OC(OCc1ccc(C(=N)N)cc1)C(=O)N2C)c1ccccc1,CHEMBL511597,=,=,nM,54600.0,uM,54.6,4.262807357295262
Cc1cc2nc([C@@H](CNC(=O)c3c(Cl)cc(-n4cnnc4)cc3C(F)(F)F)c3ccccc3)[nH]c2cc1C,CHEMBL3627867,=,=,nM,340.0,nM,340.0,6.468521082957745
COc1ccccc1NC(=O)C(Oc1cccc2sc(C(=N)N)cc12)c1ccccc1,CHEMBL597763,=,=,nM,70.0,uM,0.07,7.154901959985743
CCOC(=O)[C@]1(C)CCC[C@@]2(C)[C@@H]3CC[C@@]4(C)C[C@]3(CC[C@@H]21)C/C4=N\OCc1ccc(OC(F)(F)F)cc1,CHEMBL4582546,=,=,nM,1023.0,uM,1.023,5.99012436628784
COC(=O)c1ccc(-c2cccc([C@@H]3C[C@](C)(c4ccccc4)c4cc(C(=N)N)ccc4N3)c2)c(C(=O)O)c1,CHEMBL3127477,=,=,nM,606.0,nM,606.0,6.217527375833714
N=C(N)c1ccc(CNC(=O)[C@H](Cc2cccc(CN)c2)NC(=O)[C@@H](CCCc2ccccc2)NS(=O)(=O)Cc2cccc(C(=O)O)c2)cc1,CHEMBL4471466,=,=,nM,45.0,nM,45.0,7.346787486224656
CCOC(=O)[C@]1(C)CCC[C@@]2(C)[C@@H]3CC[C@@]4(C)C[C@]3(CC[C@@H]21)C/C4=N\OC/C=C/c1ccc2[nH]ccc2c1,CHEMBL4444015,=,=,nM,4674.0,uM,4.674,5.330311291943792
O=C1[C@@H](NS(=O)(=O)/C=C/c2ccc(Cl)s2)CCN1c1ccc([C@H]2CCCN2)cc1F,CHEMBL1684192,=,=,nM,3.0,nM,3.0,8.522878745280337
Cc1cc(C(=O)Nc2ccc(-c3ccccc3C(F)(F)F)cc2)n(-c2cccc(C(=N)N)c2)n1,CHEMBL154512,=,=,nM,0.04,nM,0.04,10.397940008672037
CO[C@H]1CN(CC(=O)Nc2ccc(-n3ccccc3=O)cc2F)C[C@@H]1NC(=O)c1ccc(Cl)s1,CHEMBL551393,=,=,nM,3.0,nM,3.0,8.522878745280337
CC(=N)N1CCC(Oc2ccc(C(=O)N[C@@H](COc3cc(C(=N)N)ccc3CC(=O)C(=O)O)CC(=O)O)cc2)CC1,CHEMBL55237,=,=,nM,11.0,uM,0.011,7.958607314841775
CCN(CC)Cc1ccccc1-c1ccc(N2CCc3c(C(F)(F)F)nn(-c4ccc5onc(N)c5c4)c3C2=O)cc1,CHEMBL386294,=,=,nM,0.11,nM,0.11,9.958607314841775
O=C1CN(S(=O)(=O)/C=C/c2ccc(Cl)s2)CCN1Cc1cc2c[nH]ccc-2n1,CHEMBL423417,=,=,nM,1.1,nM,1.1,8.958607314841775
N=C(N)c1ccc(/C=C2/CC(c3ccccc3)C/C(=C/c3ccc(C(=N)N)cc3)C2=O)cc1,CHEMBL358180,=,=,nM,5.2,nM,5.2,8.2839966563652
CNC(=O)[C@H](Cc1cccc(C(=N)N)c1)NS(=O)(=O)c1c(C(C)C)cc(C(C)C)cc1C(C)C,CHEMBL143910,=,=,nM,10964.78,,4.96,4.960000077688649
Cc1ccc(C(=O)NCC2CCN(c3ccncc3)CC2)cc1OCCc1ccc(Cl)cc1Cl,CHEMBL431419,=,=,nM,37.0,nM,37.0,7.431798275933005
O=C(N[C@@H]1CCCC[C@@H]1NCc1ccc(-n2ccccc2=O)cc1)c1ccc2c(Cl)c[nH]c2c1,CHEMBL231940,=,=,nM,1.3,nM,1.3,8.886056647693163
COc1ccc(C(=O)NCC2CCN(c3ccccn3)CC2)cc1OCCc1ccc(Cl)cc1Cl,CHEMBL190930,=,=,nM,3040.0,uM,3.04,5.517126416391246
O=C(Cc1csc(NC(=O)c2ccc(Cl)cc2)n1)Nc1ccc(-n2ccccc2=O)cc1F,CHEMBL561983,=,=,nM,112.0,uM,0.112,6.950781977329818
COC(=O)C(C)CN(c1ccc2nc(C)n(Cc3ccc4ccc(C(=N)N)cc4c3)c2c1)C1CCN(C(C)=N)CC1,CHEMBL366535,=,=,nM,1.1,nM,1.1,8.958607314841775
COc1ccc(-n2nc(C#N)c3nc(C)n(-c4ccc(-c5ccccc5CN(C)C)cc4)c(=O)c32)cc1,CHEMBL210121,=,=,nM,1.8,nM,1.8,8.744727494896694
Cc1cc(OCC2CCN(C(=N)N)CC2)cc(OS(=O)(=O)c2ccccc2Cl)c1,CHEMBL41876,=,=,nM,80000.0,uM,80.0,4.096910013008056
CN(C)Cc1nccn1-c1ccc(NC(=O)c2cc(C(F)(F)F)nn2-c2ccc3onc(N)c3c2)cc1,CHEMBL1270158,=,=,nM,0.97,nM,0.97,9.013228265733755
COC(=O)CN(C1CCCN(c2ccc(-n3ccccc3=O)cc2)C1=O)S(=O)(=O)c1cc2ccc(Cl)nc2s1,CHEMBL258274,=,=,nM,0.043,nM,0.043,10.366531544420413
NCc1ccccc1-n1nc(C(F)(F)F)cc1C(=O)Nc1ccc(-c2ccccc2S(N)(=O)=O)cc1,CHEMBL148944,=,=,nM,1.8,nM,1.8,8.744727494896694
CC(C)c1ccc(CCNS(=O)(=O)c2cc(C(=N)N)ccc2O)c(NC(=O)C(=O)O)c1,CHEMBL459136,=,=,nM,9.7,nM,9.7,8.013228265733755
N=C(N)NCCC[C@@H](NC(=O)Cn1cccc(NS(=O)(=O)Cc2ccccc2F)c1=O)C(=O)O,CHEMBL19599,=,=,nM,192.0,nM,192.0,6.716698771296451
N=C(N)c1cccc(Cn2c(C(=O)NCc3ccccn3)cc3c(O)cccc32)c1,CHEMBL92796,=,=,nM,3327.0,nM,3327.0,5.477947199131178
NS(=O)(=O)c1ccccc1-c1ccc(NC(=O)C2CC(c3cccc(OCCOCCCl)c3)=NO2)cc1,CHEMBL300908,=,=,nM,15000.0,uM,15.0,4.823908740944319
Nc1cc(-n2nnnc2C(=O)Nc2ccc(-c3ccccc3S(N)(=O)=O)cc2F)ccc1Cl,CHEMBL331951,=,=,nM,1.2,nM,1.2,8.920818753952375
N=C(N)c1ccc2[nH]c(-c3cc([N+](=O)[O-])cc(-c4ccccc4)c3O)cc2c1,CHEMBL94775,=,=,nM,14.0,uM,0.014,7.853871964321762
NS(=O)(=O)c1ccccc1-c1ccc(NC(=O)C2CC(c3ccc(F)c(F)c3)=NO2)cc1,CHEMBL51444,=,=,nM,4600.0,uM,4.6,5.337242168318426
Nc1ncnc2cc(CN3CCN(Cc4nc5cc(Cl)ccc5[nH]4)CC3=O)ccc12,CHEMBL354996,=,=,nM,10.0,nM,10.0,8.0
Cc1cc(-n2ccccc2=O)ccc1NC(=O)[C@H]1CN(S(C)(=O)=O)C[C@@H]1C(=O)Nc1ccc(Cl)cc1,CHEMBL1221489,=,=,nM,22.0,uM,0.022,7.657577319177793
Cn1ccnc1-c1ccc(NC(=O)c2cc(C(F)(F)F)nn2-c2ccc3onc(N)c3c2)c(F)c1,CHEMBL179964,=,=,nM,0.51,nM,0.51,9.292429823902063
CC(C)OC(=O)[C@H](Cc1cccc(C(=N)N)c1)NS(=O)(=O)c1ccc2ccccc2c1,CHEMBL344790,=,=,nM,3499.45,,5.456,5.456000207288222
COc1ccc(C(=O)NCC2CCN(c3ccnc(SC)n3)CC2)cc1OCCc1ccc(Cl)cc1Cl,CHEMBL189377,=,=,nM,10000.0,uM,10.0,5.0
N=C(N)c1cccc(C[C@H](NS(=O)(=O)c2ccc3ccccc3c2)C(=O)N2CCCCC2)c1,CHEMBL145504,=,=,nM,38018.94,,4.42,4.419999995796937
N=C(N)c1cccc(Cn2c(C(=O)NCc3cc(Cl)cc(Cl)c3)cc3c(O)cccc32)c1,CHEMBL75544,=,=,nM,5.0,nM,5.0,8.301029995663981
O=C1C(NS(=O)(=O)c2ccc3cc(Cl)ccc3c2)CCN1c1ccc(-n2ccnc2)cc1F,CHEMBL402077,=,=,nM,4.4,nM,4.4,8.356547323513812
CCOC(=O)CN1CCCCC1CCNc1nccc2oc(Cc3cc(Cl)ccc3-n3cncn3)nc12,CHEMBL372194,=,=,nM,2.2,nM,2.2,8.657577319177793
COCCOC(=O)N1C[C@H](NC(=O)c2ccc(-n3ccccc3=O)cc2)[C@H](NC(=O)c2ccc(Cl)s2)C1,CHEMBL235369,=,=,nM,0.93,nM,0.93,9.031517051446064
Cc1cccn(-c2ccc(NC(=O)[C@H]3CN(S(C)(=O)=O)C[C@@H]3C(=O)Nc3ccc(Cl)cc3)c(F)c2)c1=O,CHEMBL1222343,=,=,nM,15.0,uM,0.015,7.823908740944319
CC(=O)N[C@H](Cc1ccccc1)C(=O)N1CCC[C@H]1C(=O)N[C@@H](CCCn1nnnc1N)B1O[C@@H]2CC3CC(C3(C)C)[C@]2(C)O1,CHEMBL607009,=,=,nM,6000.0,nM,6000.0,5.221848749616356
Cc1c(F)c(Oc2cccc(C(=N)N)c2)nc(N(C)c2cccc(C(=N)N)c2)c1F,CHEMBL52205,=,=,nM,12.0,nM,12.0,7.920818753952375
N=C(N)c1ccc(CNC(=O)[C@@H]2Cc3ccc(cc3)NC(=O)CN3CCN(CC3)CC(=O)Nc3ccc(cc3)C[C@@H](NC(=O)CCCc3ccccc3)C(=O)N2)cc1.O=C(O)C(F)(F)F.O=C(O)C(F)(F)F.O=C(O)C(F)(F)F,CHEMBL4444049,=,=,nM,20480.0,nM,20480.0,4.688670047696207
COc1cc(C(=O)NCC2CCN(c3ccncc3)CC2)cc(OCCc2ccc(Cl)cc2Cl)c1C,CHEMBL329525,=,=,nM,13.0,nM,13.0,7.886056647693163
COC[C@@H]1ON=C(c2cccc(C(=N)N)c2)[C@H]1C(=O)Nc1ccc(-c2ccccc2S(N)(=O)=O)cc1,CHEMBL1271368,=,=,nM,0.55,nM,0.55,9.259637310505756
O=C(Nc1ccc(Cl)cc1)[C@H]1CN(CC(F)(F)F)C[C@@H]1C(=O)Nc1ccc(-n2ccccc2=O)cc1F,CHEMBL1221628,=,=,nM,9.0,uM,0.009,8.045757490560675
Cc1cc(I)c(O)c(C(=O)Nc2ccc(C(=N)N)c(Cl)c2)c1,CHEMBL62897,=,=,nM,115000.0,uM,115.0,3.939302159646388
CCOC(=O)[C@]1(C)CCC[C@@]2(C)[C@@H]3CC[C@@]4(C)C[C@]3(CC[C@@H]21)C/C4=N\OCc1cc(Cl)ccc1Cl,CHEMBL4550333,=,=,nM,9253.0,uM,9.253,5.033717437832537
CCc1nc2cc(OC3CCN(C(C)=N)CC3)ccc2n1Cc1ccc(-c2cccc(C(=N)N)c2)cc1,CHEMBL283901,=,=,nM,17.0,nM,17.0,7.769551078621726
N=C(N)c1cccc(CN2CC[C@H](NS(=O)(=O)c3ccc4ccc(N)nc4c3)C2=O)c1,CHEMBL92893,=,=,nM,240.0,uM,0.24,6.619788758288394
COc1ccccc1-c1ccc(S(=O)(=O)N[C@H]2CCN(Cc3cccc(C(=N)N)c3)C2=O)cc1,CHEMBL332160,=,=,nM,190.0,uM,0.19,6.721246399047171
CC(C)(C)[C@@H](O)C(=O)N1CCS(=O)(=O)C[C@H]1C(=O)NCc1cc(Cl)ccc1CN.O=C(O)C(F)(F)F,CHEMBL3114553,=,=,nM,3100.0,nM,3100.0,5.508638306165727
Cc1ccc2c3c(nn2c1)CC[C@](NC(=O)c1c(Cl)cc(-n2cnc(C)n2)cc1Cl)(C(C)O)C3,CHEMBL3628837,=,=,nM,258.0,nM,258.0,6.58838029403677
COC(=O)[C@H](Cc1cccc(C(=N)N)c1)[C@@H](C)NC(=O)c1ccc(-c2ccccc2)cc1,CHEMBL45000,=,=,nM,5.3,nM,5.3,8.275724130399212
O=C(Nc1ccc(Cl)cc1)N[C@@H]1CCC[C@@H]1NC(=O)c1ccc(-n2ccccc2=O)cc1,CHEMBL440969,=,=,nM,10.0,nM,10.0,8.0
Nc1noc2ccc(-n3nc(C(F)(F)F)cc3C(=O)Nc3ccc(-c4ccccc4CN4CC[C@@H](O)C4)cc3F)cc12,CHEMBL436766,=,=,nM,0.16,nM,0.16,9.795880017344075
CCOc1cc(C(Nc2ccc3c(N)nccc3c2)C(=O)NCc2cc(NC(C)=O)ccc2S(=O)(=O)CC)ccc1OC(C)C,CHEMBL3114843,=,=,nM,7200.0,nM,7200.0,5.142667503568732
N=C(N)c1cccc(CC(NS(=O)(=O)c2cccc(-c3ccccc3)c2)C(=O)N2CCC(CCN)CC2)c1,CHEMBL461655,=,=,nM,5400.0,uM,5.4,5.267606240177032
COc1ccc(NC2CCCN(c3ccc(-c4ccccc4S(C)(=O)=O)cc3F)C2=O)cc1,CHEMBL272976,=,=,nM,450.0,nM,450.0,6.346787486224656
Nc1cc(C2=NOC(CNC=O)(C(=O)Nc3ccc(-c4ccccc4S(N)(=O)=O)cn3)C2)ccc1Cl,CHEMBL8090,=,=,nM,15.0,nM,15.0,7.823908740944319
COc1c(-c2ccccc2)cccc1-c1cc2cc(C(=N)N)ccc2[nH]1,CHEMBL318526,=,=,nM,19000.0,uM,19.0,4.721246399047171
CCOc1cc(OC2CCN(S(C)(=O)=O)CC2)cc(C(Nc2ccc(C(=N)N)cc2)C(=O)O)c1,CHEMBL199277,=,=,nM,4400.0,uM,4.4,5.356547323513812
CCOP(=O)(OCC)c1ccc2cc1CN(C)C(=O)[C@H](Nc1ccc3c(N)nccc3c1)c1ccc(c(C)c1)[C@@H](C)COC(=O)N2,CHEMBL3980787,=,=,nM,3900.0,nM,3900.0,5.4089353929735005
COC(=O)CN(C1CCCN(c2ccc(-c3ccccc3S(C)(=O)=O)cc2F)C1=O)S(=O)(=O)c1ccc2cc(Cl)ccc2c1,CHEMBL408044,=,=,nM,0.88,nM,0.88,9.05551732784983
CNC(=O)CCCC1CCN(C(=O)[C@H](Cc2cccc(C(=N)N)c2)NS(=O)(=O)c2cccc(NC(=O)CCN)c2)CC1,CHEMBL444411,=,=,nM,10000.0,uM,10.0,5.0
CS(=O)(=O)c1ccccc1N1CCC(NC(=O)c2cc(C(F)(F)F)nn2-c2ccc3onc(N)c3c2)CC1,CHEMBL428749,=,=,nM,1.7,nM,1.7,8.769551078621726
Cc1cc(C(=O)Nc2ccc(C(=N)N(C)C)cc2F)n(-c2ccc3cc(Cl)ccc3c2)n1,CHEMBL20918,=,=,nM,0.7,nM,0.7,9.154901959985743
Cc1ccc(S(=O)(=O)N[C@@H](Cc2cccc(C(=N)N)c2)C(=O)N2CCCC2)cc1,CHEMBL358491,=,=,nM,76032.63,,4.119,4.11899998682835
CCOC(=O)c1nn(-c2ccc(OC)cc2)c2c(=O)n(-c3ccc(-c4ccccc4CN4CCCC4)cc3)cnc12,CHEMBL379937,=,=,nM,3.8,nM,3.8,8.42021640338319
N=C(N)c1cccc(C[C@H](NS(=O)(=O)c2ccc(-c3ccccc3)cc2)C(=O)N2CCN(C(=O)C3CCN(C(=N)N)CC3)CC2)c1,CHEMBL211367,=,=,nM,2800.0,uM,2.8,5.552841968657781
CNCc1nccn1-c1ccc(NC(=O)c2cc(C(F)(F)F)nn2-c2ccc3onc(N)c3c2)c(F)c1,CHEMBL367954,=,=,nM,0.17,nM,0.17,9.769551078621726
N/C=N/CCCC(NC(=O)CN(CCc1ccccc1)C(=O)CCc1ccccc1)B(O)O,CHEMBL105393,=,=,nM,22.0,nM,22.0,7.657577319177793
N=C(N)c1ccc(CNC(=O)c2cn(Cc3cccc(C(=N)N)c3)c3ccccc23)cc1,CHEMBL95070,=,=,nM,1118.0,nM,1118.0,5.951558196449596
COc1ccc(C(=O)NCC2CCN(Cc3ccncc3)CC2)cc1OCCc1ccc(Cl)cc1Cl,CHEMBL327922,=,=,nM,970.0,nM,970.0,6.013228265733755
CN(C)S(=O)(=O)c1ccccc1-c1ccc(N2CCC(NS(=O)(=O)/C=C/c3ccc(Cl)s3)C2=O)nc1,CHEMBL254543,=,=,nM,0.4,nM,0.4,9.397940008672037
COc1ccc2ccc(S(=O)(=O)N[C@@H]3CCN(Cc4cccc(C(=N)N)c4)C3=O)cc2c1,CHEMBL118494,=,=,nM,0.047,nM,0.047,10.327902142064282
C[C@@H]1CCC[C@H](C)N1CCCCCn1c(=O)c(-c2cc(C(=N)N)ccc2O)nc2ccccc21,CHEMBL5189562,=,=,nM,0.8,nM,0.8,9.096910013008056
N=C(N)c1ccc2ccc(CN(CCc3c[nH]cn3)C(=O)c3cccc4ccccc34)cc2c1,CHEMBL195314,=,=,nM,264.0,nM,264.0,6.578396073130169
N=C(N)c1cccc(Oc2ccc(NC(=O)NCC(N)=O)c(Oc3cccc(C(=N)N)c3)n2)c1,CHEMBL296618,=,=,nM,110.0,nM,110.0,6.958607314841775
CS(=O)(=O)N1C[C@H](C(=O)Nc2ccc(Cl)c(F)c2)[C@@H](C(=O)Nc2ccc(-n3ccccc3=O)cc2F)C1,CHEMBL1222130,=,=,nM,62.0,uM,0.062,7.2076083105017466
COC(=O)[C@@H]1CN(Cc2ccc(-c3ccccc3S(N)(=O)=O)cc2)C[C@H]1c1cccc(C(=N)N)c1.O=C(O)C(F)(F)F.O=C(O)C(F)(F)F,CHEMBL18225,=,=,nM,4.8,nM,4.8,8.318758762624412
CN(C)C(=O)[C@H]1C[C@H](NC(=O)c2ccc(-n3ccccc3=O)cc2)[C@H](NC(=O)c2ccc(Cl)s2)C1,CHEMBL237286,=,=,nM,2.1,nM,2.1,8.67778070526608
CNc1nn(-c2ccc(OC)cc2)c2c1CCN(c1ccc(-c3ccccc3CN3CC[C@@H](O)C3)cc1)C2=O,CHEMBL399822,=,=,nM,1.7,nM,1.7,8.769551078621726
CCOc1cc(C(Nc2ccc3c(N)nccc3c2)C(=O)NCc2ccccc2S(=O)(=O)C(C)C)ccc1OC(C)C,CHEMBL3114841,=,=,nM,2800.0,nM,2800.0,5.552841968657781
O=C(N[C@@H]1CCC[C@@H]1NC(=O)c1ccc(-n2ccccc2=O)cc1F)c1ccc(Cl)s1,CHEMBL393521,=,=,nM,4.7,nM,4.7,8.327902142064282
CCC(=O)N1CCN(C(=O)[C@H](Cc2cccc(C(=N)N)c2)NS(=O)(=O)c2ccc3c(c2)C(=O)c2ccccc2C3=O)CC1,CHEMBL3706844,=,=,nM,1300.0,uM,1.3,5.886056647693163
N=C(N)c1ccc(C2=NOC(CC(=O)N[C@@H](CC(=O)O)C(=O)N3CCc4ccccc4C3)C2)cc1,CHEMBL97570,=,=,nM,38500.0,uM,38.5,4.414539270491499
CC(C)CC(=O)Nc1cc(-c2ccc(C(N)=O)cc2C(=O)O)cc(C2CC(C)(c3ccccc3)c3cc(C(=N)N)ccc3N2)c1,CHEMBL3127463,=,=,nM,340.0,nM,340.0,6.468521082957745
N=C(N)c1cccc(-c2ccc(C(=O)Nc3ccc(Cl)cc3C(=O)Nc3ccc(Cl)cn3)cc2)c1,CHEMBL174335,=,=,nM,0.7,nM,0.7,9.154901959985743
N=C(N)c1cccc(C2=NOC(Cn3cnnn3)(C(=O)Nc3ccc(-c4ccccc4S(N)(=O)=O)cc3F)C2)c1.O=C(O)C(F)(F)F,CHEMBL323310,=,=,nM,0.44,nM,0.44,9.356547323513812
CC(C)c1cc(C(C)C)c(S(=O)(=O)N[C@@H](Cc2cccc(C(=N)N)c2)C(=O)N2CCC[C@H](C(=O)O)C2)c(C(C)C)c1,CHEMBL1161255,=,=,nM,13001.7,,4.886,4.88599985905086
N=C(N)c1cccc(CN2CC[C@H](NS(=O)(=O)c3ccc4ccnc(N)c4c3)C2=O)c1,CHEMBL93740,=,=,nM,490.0,uM,0.49,6.309803919971486
COc1cccc(C(=O)Nc2ccc(Cl)cc2)c1NC(=O)c1sc2ccccc2c1Cl,CHEMBL357971,=,=,nM,22.0,nM,22.0,7.657577319177793
COC(=O)Nc1ccc(-c2ccnc([C@H](Cc3ccccc3)NC(=O)/C=C/c3cc(Cl)ccc3-n3cnnn3)c2)cc1,CHEMBL3781319,=,=,nM,1128.0,nM,1128.0,5.947690900352677
O=C(Nc1cccc(OCc2cccc(Br)c2)c1)C1CCN(c2ccncc2)CC1,CHEMBL2441050,=,=,nM,6310.0,uM,6.31,5.199970640755866
CCS(=O)(=O)CC1(C(=O)Nc2ccc(-c3ccccc3S(N)(=O)=O)cc2)CC(c2cccc(C(=N)N)c2)=NO1.O=C(O)C(F)(F)F,CHEMBL406295,=,=,nM,3.5,nM,3.5,8.455931955649724
CCc1nc2cc(OC3CCN(C(C)=N)CC3)ccc2n1C/C=C/c1ccc(N)cc1,CHEMBL280342,=,=,nM,74.0,nM,74.0,7.130768280269024
CC(CNC(=O)c1ccc(-n2ccccc2=O)cc1)NC(=O)c1ccc(Cl)s1,CHEMBL393421,=,=,nM,1.7,nM,1.7,8.769551078621726
CN(C)Cc1nccn1-c1ccc(C(=O)N[C@H]2CCC[C@H]2NC(=O)c2ccc(Cl)s2)cc1,CHEMBL398998,=,=,nM,2.8,nM,2.8,8.55284196865778
CCS(=O)(=O)c1ccc2cc1CNC(=O)[C@H](Nc1ccc(C(=N)N)cc1)c1ccc(cc1)CCCC(=O)N2,CHEMBL3594313,=,=,nM,5500.0,nM,5500.0,5.259637310505756
Nc1noc2ccc(-n3nc(C(F)(F)F)c4ccc(-c5ccc(N6CCCCC6=O)cc5F)c(F)c43)cc12,CHEMBL254621,=,=,nM,22.9,nM,22.9,7.640164517660112
O=C(Cn1ccc(NC(=O)c2ccc(Cl)s2)n1)Nc1ccc(-n2ccccc2=O)cc1F,CHEMBL550586,=,=,nM,6.0,uM,0.006,8.221848749616356
COc1ccc(-n2nc(C(F)(F)F)cc2C(=O)Nc2ccc(-c3ccccc3S(C)(=O)=O)cc2F)c(CN)c1,CHEMBL148718,=,=,nM,0.54,nM,0.54,9.267606240177031
COC(=O)N1C[C@H](C(=O)Nc2ccc(Cl)cn2)[C@@H](C(=O)Nc2ccc(-n3ccccc3=O)cc2F)C1,CHEMBL1221916,=,=,nM,27.0,uM,0.027,7.568636235841013
COc1ccc(C(=O)NCC2CCC(CN)CC2)cc1OCCc1ccc(Cl)cc1Cl,CHEMBL538908,=,=,nM,9345.0,uM,9.345,5.029420694285149
COc1ccc(CCOc2cc(C(=O)NCC3CCN(c4ccncc4)CC3)ccc2F)cc1,CHEMBL94651,=,=,nM,307.0,nM,307.0,6.512861624522813
CS(=O)(=O)c1ccccc1-c1ccc(N2CCCC(NS(=O)(=O)c3cnc4ccccc4c3)C2=O)c(F)c1,CHEMBL257453,=,=,nM,28.0,nM,28.0,7.552841968657781
CCOc1cc(OC(C)C)c(F)c(C(Nc2ccc(C(=N)N)cc2)c2nc(-c3ccccc3C(N)=O)c[nH]2)c1,CHEMBL3403479,=,=,nM,2330.0,nM,2330.0,5.632644078973981
N=C(N)c1ccc2[nH]cc(C(Cc3ccccc3)C(=O)Nc3ccc(-n4cnc5ccccc54)cc3F)c2c1.O=C(O)C(F)(F)F,CHEMBL360894,=,=,nM,2.5,uM,0.0025,8.602059991327963
COc1ccc(-n2nc(C(N)=O)c3c2C(=O)N(C2CCN(c4ccccc4CN(C)C(C)=O)CC2)CC3)cc1,CHEMBL394039,=,=,nM,23.0,nM,23.0,7.638272163982407
C[C@@H](C(=O)N(CCC#N)C1CCC1)N1CC[C@H](NS(=O)(=O)c2ccc3cc(Cl)ccc3c2)C1=O,CHEMBL373967,=,=,nM,15.0,nM,15.0,7.823908740944319
CC(=N)N1CCC(Oc2ccc3cc(C(=O)N(C)C)n(Cc4ccc5ccc(C(=N)N)cc5c4)c3c2)CC1,CHEMBL368072,=,=,nM,3.5,nM,3.5,8.455931955649724
CCOc1ccc(-c2cccc(S(=O)(=O)N[C@@H](Cc3cccc(C(=N)N)c3)C(=O)N3CCC(CCN)CC3)c2)c(Cl)c1,CHEMBL3219085,=,=,nM,170.0,uM,0.17,6.769551078621726
CC1(C)[C@@H]2C[C@H]3OB([C@H](CCCCN)NC(=O)Cn4nc(CC#N)nc4Cc4ccccc4[N+](=O)[O-])O[C@@]3(C)[C@H]1C2,CHEMBL2373405,=,=,nM,4900.0,nM,4900.0,5.309803919971486
COC(=O)CN(CCCc1ccc(-c2ccccc2S(N)(=O)=O)cc1)c1cccc(C(=N)N)c1.O=C(O)C(F)(F)F,CHEMBL18767,=,=,nM,1.3,nM,1.3,8.886056647693163
COc1ccc(-n2nc(Cn3cnnn3)c3nc(C)n(-c4ccc(-c5ccccc5CN5CCCC5)cc4)c(=O)c32)cc1,CHEMBL212422,=,=,nM,1.4,nM,1.4,8.853871964321762
N=C(N)c1ccc2c(c1)ncn2CC(=O)c1ccc(-c2ccccc2)cc1,CHEMBL136297,=,=,nM,2700.0,nM,2700.0,5.568636235841013
CN(C(=O)C1CCN(c2ccncc2)CC1)c1cccc(OCc2cccc(F)c2)c1,CHEMBL2441034,=,=,nM,23600.0,uM,23.6,4.627087997029894
COc1ccc(-n2nc(C(F)(F)F)c3c2C(=O)N(c2ccc(N4CCCCC4)cc2)CC3)cc1,CHEMBL235906,=,=,nM,2.1,nM,2.1,8.67778070526608
Cc1cc(C(=O)Nc2ccc(-c3ccccc3S(N)(=O)=O)cc2)n(-c2cccc(O)c2)n1,CHEMBL151122,=,=,nM,164.0,nM,164.0,6.785156151952302
O=C(CN1C[C@H](NC(=O)c2ccc(Cl)s2)C[C@H]1CO)Nc1ccc(-n2ccccc2=O)cc1F,CHEMBL550102,=,=,nM,95.0,nM,95.0,7.022276394711152
Cc1nc(-c2cccc(C(=N)N)c2)c(C(=O)Nc2ccc(-c3ccccc3S(N)(=O)=O)cc2)o1.O=C(O)C(F)(F)F,CHEMBL160958,=,=,nM,0.4,nM,0.4,9.397940008672037
CCCCCC1=NOC(C(=O)Nc2ccc(-c3ccccc3S(N)(=O)=O)cc2)C1,CHEMBL52064,=,=,nM,4500.0,uM,4.5,5.346787486224656
C[C@@H](C(=O)N1CCOCC1)N1CC[C@H](NS(=O)(=O)c2nc3cc(Cl)ccc3s2)C1=O,CHEMBL221951,=,=,nM,112.0,nM,112.0,6.950781977329818
COC(=O)[C@H]1CCCN(C(=O)[C@H](Cc2cccc(C(=N)N)c2)NS(=O)(=O)c2ccc3ccccc3c2)C1,CHEMBL145517,=,=,nM,17988.71,,4.745,4.7449999795098705
Cc1cc(C(=N)N)ccc1CNC(=O)[C@@H]1CC[C@H]2CN(S(=O)(=O)C(c3ccccc3)c3ccccc3)CC(=O)N21,CHEMBL279205,=,=,nM,2.0,nM,2.0,8.698970004336019
COCCNC(=O)[C@H]1C[C@H](NC(=O)c2ccc(-n3ccccc3=O)cc2)[C@H](NC(=O)c2ccc(Cl)s2)C1,CHEMBL445941,=,=,nM,2.9,nM,2.9,8.537602002101044
N=C(N)c1cccc(C(N)=O)c1,CHEMBL1269203,=,=,nM,250000.0,nM,250000.0,3.6020599913279625
C=CCOC(=O)N1CC[C@H](Oc2ccc(C(Oc3ccc4c(c3)CN(C(=N)N)CC4)C(=O)OCC)cc2)C1,CHEMBL144637,=,=,nM,200.0,uM,0.2,6.698970004336019
CC(=N)N1CCC(Oc2ccc3c(c2)OCC(=O)N3Cc2ccc3ccc(C(=N)N)cc3c2)CC1,CHEMBL153640,=,=,nM,0.78,nM,0.78,9.10790539730952
CN(C)C(=O)c1cccc(Oc2nc3c(c(Oc4cc(C(=N)N)ccc4O)n2)NC(=O)CN3)c1,CHEMBL71175,=,=,nM,19.0,nM,19.0,7.721246399047171
CCOC(=O)C(=O)N(Cc1ccccc1)c1ccc2c(c1)OC[C@H](COc1ccc(C(=N)N)cc1)O2.O=C(O)C(F)(F)F,CHEMBL2337676,=,=,nM,1510.0,uM,1.51,5.82102305270683
COC(=O)Nc1ccc2c(c1)NC(=O)CCc1nc(ccc1F)C[C@H](NC(=O)/C=C/c1cc(Cl)ccc1-n1cnnn1)c1nc-2c[nH]1,CHEMBL4096251,=,=,nM,1400.0,nM,1400.0,5.853871964321762
Cc1c(F)c(Oc2cccc(N(C)C)c2)nc(Oc2cc(C(=N)N)ccc2O)c1F,CHEMBL82925,=,=,nM,3.0,nM,3.0,8.522878745280337
C[C@@H](C(=O)N(CCN)CC1CC1)N1CC[C@H](NS(=O)(=O)c2ccc3cc(Cl)ccc3c2)C1=O,CHEMBL376714,=,=,nM,15.0,nM,15.0,7.823908740944319
N=C(N)c1cccc(C(=O)N[C@@H](C(=O)N2CCN(Cc3ccccc3)CC2)c2ccccc2)c1,CHEMBL163112,=,=,nM,120.0,uM,0.12,6.920818753952375
N=C(N)NCCC1CCN(C(=O)[C@H](Cc2cccc(C(=N)N)c2)NS(=O)(=O)c2ccc(C3CCCCC3)cc2)CC1,CHEMBL378830,=,=,nM,1800.0,uM,1.8,5.7447274948966935
N#Cc1ccc(NC(=O)c2ccc(N3CCCCC3=O)cc2)c(C(=O)Nc2ccc(Cl)cn2)c1,CHEMBL403075,=,=,nM,0.45,nM,0.45,9.346787486224656
C/C(=C(\F)C(=O)Nc1ccc(-c2ccccc2S(N)(=O)=O)cc1Br)c1ccc2ccnc(N)c2c1,CHEMBL63088,=,=,nM,1.3,uM,0.0013,8.886056647693163
C[C@H](C(=O)N1CCOCC1)N1CC[C@@H](NS(=O)(=O)c2ccc3cc(Cl)ccc3c2)C1=O,CHEMBL212570,=,=,nM,82.0,nM,82.0,7.086186147616283
Cc1cc(C)cc(CCN(CC(=O)NC(CCCN=C(N)N)B(O)O)C(=O)CCc2ccccc2)c1,CHEMBL103077,=,=,nM,15.0,nM,15.0,7.823908740944319
Cc1cc(C(=O)Nc2ccc(-c3ccccc3S(N)(=O)=O)cc2)n(CCCCN)n1,CHEMBL138996,=,=,nM,12000.0,nM,12000.0,4.920818753952375
COc1ccc(-n2nc(C(F)(F)F)c3c2C(=O)N(c2ccc(N4CCCCC4=O)cc2)CC3)cc1,CHEMBL392526,=,=,nM,0.23,nM,0.23,9.638272163982407
CN(C)CCN(C)C(=O)CN(C1CCCN(c2ccc(-n3ccccc3=O)cc2F)C1=O)S(=O)(=O)c1ccc2cc(Cl)ccc2c1,CHEMBL256451,=,=,nM,0.02,nM,0.02,10.698970004336019
C#CC[N+](C)(C)c1ccc(CNC(=O)c2cc3cc(F)ccc3n2Cc2cccc(C(=N)N)c2)cc1.O=C([O-])C(F)(F)F,CHEMBL554257,=,=,nM,76.0,nM,76.0,7.119186407719209
N=C(N)c1ccc(CNC(=O)[C@H](CCC2CCNCC2)NC(=O)[C@@H](CCCn2cnnn2)NS(=O)(=O)Cc2ccccc2)cc1,CHEMBL3660192,=,=,nM,2400.0,nM,2400.0,5.619788758288394
COc1ccc(-n2nc(C(=O)O)c3ncn(-c4ccc(-c5ccccc5S(N)(=O)=O)cc4)c(=O)c32)cc1,CHEMBL379090,=,=,nM,38.0,nM,38.0,7.42021640338319
COc1ccc2cc(S(=O)(=O)NN(Cc3cccc(C(=N)N)c3)C(=O)N3CCCCCC3)ccc2c1,CHEMBL41947,=,=,nM,3000.0,uM,3.0,5.522878745280337
CCOC(=O)[C@]1(C)CCC[C@@]2(C)[C@@H]3CC[C@@]4(C)C[C@]3(CC[C@@H]21)C/C4=N\OCCN1CCOCC1,CHEMBL4443837,=,=,nM,785.0,uM,0.785,6.105130343254747
COc1cc(CNc2ccc(C(=N)N)cc2)ccc1OCc1ccccc1,CHEMBL179938,=,=,nM,1200.0,uM,1.2,5.920818753952375
CC(=O)NCC(Oc1cccc2sc(C(=N)N)cc12)c1ccccc1,CHEMBL599615,=,=,nM,1300.0,uM,1.3,5.886056647693163
CCOC(=O)C(=O)N(Cc1ccccc1)c1ccc2c(c1)OC(Cc1ccc(C(=N)N)cc1)C(=O)N2C,CHEMBL468642,=,=,nM,1940.0,nM,1940.0,5.7121982700697735
N=C(N)c1cccc(C[C@H](NS(=O)(=O)c2cccc(NC(=O)CCN)c2)C(=O)N2CCC(NC(N)=O)CC2)c1,CHEMBL3219089,=,=,nM,16900.0,uM,16.9,4.772113295386326
N=C(N)c1ccc(NC(=O)c2cc([N+](=O)[O-])ccc2O)cc1,CHEMBL62736,=,=,nM,99000.0,uM,99.0,4.00436480540245
NCc1ccc(Cl)cc1CNC(=O)[C@@H]1CCCN1C(=O)[C@@H](CCc1cccc[n+]1[O-])NS(=O)(=O)CC(=O)O,CHEMBL389960,=,=,nM,0.08,nM,0.08,10.096910013008056
COc1ccc(-n2nc(C#N)c3c2C(=O)N(c2ccc(C4(CS(C)(=O)=O)CC4)cc2)CC3)cc1,CHEMBL512287,=,=,nM,0.29,nM,0.29,9.537602002101044
CS(=O)(=O)c1ccccc1-c1ccc(NC(=O)c2cc(C(F)(F)F)nn2-c2ccccc2CNCc2ccccc2)c(F)c1,CHEMBL151522,=,=,nM,61.0,nM,61.0,7.214670164989233
CN(C)Cc1ccccc1-c1ccc(N2CC=Cc3c(C(F)(F)F)nn(-c4ccc5onc(N)c5c4)c3C2=O)cc1,CHEMBL209483,=,=,nM,0.6,nM,0.6,9.221848749616356
CC(C)N1CCC(NC(=O)c2cc3ccccc3n2Cc2nnc(-c3ccc(Cl)s3)s2)CC1,CHEMBL182577,=,=,nM,4.0,nM,4.0,8.397940008672037
O=C(Nc1c(O)cc(Cl)cc1C(=O)Nc1ccc(Cl)cn1)c1ccc(N2CCCCC2=O)cc1,CHEMBL260086,=,=,nM,0.047,nM,0.047,10.327902142064282
N=C(N)c1cccc(/C=C2/CCCC/C(=C/c3cccc(C(=N)N)c3)C2=O)c1,CHEMBL331437,=,=,nM,5.6,nM,5.6,8.2518119729938
Cc1ccc(NC(=O)c2sccc2Cl)c(C(=O)Nc2ccc(F)cc2)c1,CHEMBL146511,=,=,nM,390.0,nM,390.0,6.4089353929735005
C[C@@H](C(=O)N(CCNS(C)(=O)=O)CC1CC1)N1CC[C@H](NS(=O)(=O)c2ccc3cc(Cl)ccc3c2)C1=O,CHEMBL373593,=,=,nM,2.0,nM,2.0,8.698970004336019
CS(=O)(=O)c1ccc(COc2cccc(NC(=O)C3CCN(c4ccncc4)CC3)c2)cc1,CHEMBL2441047,=,=,nM,7730.0,uM,7.73,5.111820506081675
CC(C)[C@@H](NC(=O)c1cccc(C(=N)N)c1)C(=O)NCC1CCC(CN)CC1,CHEMBL350793,=,=,nM,6600.0,uM,6.6,5.180456064458132
N=C(N)c1cc2c(OC(COC(=O)Nc3ccccc3CN3CCNCC3)c3ccccc3)cccc2s1,CHEMBL597759,=,=,nM,354.0,uM,0.354,6.450996737974212
N=C(N)c1ccc2scc(C(Cc3ccccc3)C(=O)Nc3ccc(S(=O)(=O)Nc4ccc(Cl)nn4)cc3)c2c1.O=C(O)C(F)(F)F,CHEMBL363110,=,=,nM,5360.0,uM,5.36,5.27083521030723
N=C(N)c1ccc2scc([C@H](Cc3ccccc3)C(=O)Nc3ccc4ncsc4c3)c2c1.O=C(O)C(F)(F)F,CHEMBL436278,=,=,nM,5700.0,uM,5.7,5.2441251443275085
N=C(N)c1cccc(C[C@H](NS(=O)(=O)c2ccc3ccccc3c2)C(=O)N2CCC(C(=O)NCc3ccccc3)CC2)c1,CHEMBL357635,=,=,nM,34994.52,,4.456,4.455999959081013
O=C(Nc1cccc(OCc2ccc(C(F)(F)F)cc2)c1)C1CCN(c2ccncc2)CC1,CHEMBL2441044,=,=,nM,48500.0,uM,48.5,4.314258261397736
NS(=O)(=O)c1ccccc1-c1ccc(NC(=O)C2CC(c3cccc(C(F)(F)F)c3)=NO2)cc1,CHEMBL50091,=,=,nM,17000.0,uM,17.0,4.769551078621726
CCc1nc2cc(OC3CCN(C(C)=N)CC3)ccc2n1Cc1cccc(-c2cccc(C(=N)N)c2)c1,CHEMBL25527,=,=,nM,0.46,nM,0.46,9.337242168318426
Nc1noc2ccc(-n3nc(C(F)(F)F)cc3C(=O)Nc3ccc(-c4ccccc4Cn4ccnc4)cc3F)cc12,CHEMBL382559,=,=,nM,0.66,nM,0.66,9.18045606445813
O=C(Nc1cccc(OCc2ccc(F)cc2)c1)C1CCN(c2ccncc2)CC1,CHEMBL2441058,=,=,nM,1100.0,uM,1.1,5.958607314841775
N=C(N)c1cccc(C2=NOC(Cn3cnnn3)(C(=O)Nc3ccc(-c4ccccc4S(N)(=O)=O)cn3)C2)c1.O=C(O)C(F)(F)F,CHEMBL93210,=,=,nM,0.17,nM,0.17,9.769551078621726
O=C(Nc1ccc(Cl)cc1C(=O)Nc1ccc(Cl)cn1)c1ccc(-c2ccccc2N2CCC(O)CC2)cc1,CHEMBL174815,=,=,nM,0.2,nM,0.2,9.698970004336019
COc1cc(C(=O)NCC2CCN(c3ccncc3)CC2)cc(OCCc2ccc(Cl)cc2Cl)c1OC,CHEMBL92928,=,=,nM,50.0,nM,50.0,7.301029995663981
N=C(N)c1cccc(Oc2cc(Oc3ccccc3C(=N)N)ccc2N)c1,CHEMBL49370,=,=,nM,1100.0,nM,1100.0,5.958607314841775
N=C(N)c1ccc(/C=C2/CCCC/C(=C/c3ccc(C(=N)N)cc3)C2=O)cc1,CHEMBL55035,=,=,nM,0.66,nM,0.66,9.18045606445813
CN(C)CCOc1cc(Cl)cc(C(=O)Nc2ccc(Cl)cn2)c1NC(=O)c1ccc(N2CCCCC2=O)cc1,CHEMBL261536,=,=,nM,0.065,nM,0.065,10.187086643357144
O=C(Nc1ccc(Cl)cc1)[C@H]1CN(Cc2cccs2)C[C@@H]1C(=O)Nc1ccc(-n2ccccc2=O)cc1F,CHEMBL1221849,=,=,nM,11.0,uM,0.011,7.958607314841775
CS(=O)(=O)N[C@H](Cc1ccc(Cl)c(Cl)c1)C(=O)N1CCC[C@H]1C(=O)NCc1ccc(C(=N)N)cc1,CHEMBL268640,=,=,nM,120.0,nM,120.0,6.920818753952375
O=C1[C@@H](NS(=O)(=O)c2ccc3c(Cl)c[nH]c3c2)CCN1c1ccc2c(c1F)CCNC2,CHEMBL1689024,=,=,nM,2.0,nM,2.0,8.698970004336019
COc1ccc(-n2nnnc2C(=O)Nc2ccc(-c3ccccc3S(N)(=O)=O)cc2)cc1N,CHEMBL122456,=,=,nM,19.0,nM,19.0,7.721246399047171
COC(=O)Cn1c(CN2CCN(S(=O)(=O)c3cc4ccc(Cl)cc4s3)CC2=O)cc2cnccc21,CHEMBL158689,=,=,nM,18.0,nM,18.0,7.7447274948966935
N=C(N)c1cccc(N2CCCCN(C3CCN(S(=O)(=O)c4ccccc4)CC3)C2=O)c1.O=C(O)C(F)(F)F,CHEMBL102502,=,=,nM,24.0,nM,24.0,7.619788758288394
CNC(=O)CCCC1CCN(C(=O)[C@H](Cc2cccc(C(=N)N)c2)NS(=O)(=O)c2cccc(-c3ccc(Cl)cc3Cl)c2)CC1,CHEMBL3219078,=,=,nM,32.0,uM,0.032,7.494850021680094
CC(C)NC(C)c1ccc(N2CC[C@H](NS(=O)(=O)c3ccc4cc(Cl)ccc4c3)C2=O)c(F)c1,CHEMBL593586,=,=,nM,1.0,nM,1.0,9.0
Cc1[nH]cnc1CCNC(=O)CN1CCN(S(=O)(=O)c2cc3ccc(Cl)cc3s2)CC1=O,CHEMBL46041,=,=,nM,340.0,nM,340.0,6.468521082957745
CS(=O)(=O)N1C[C@H](NC(=O)c2ccc(-n3ccccc3=O)cc2)[C@H](NC(=O)c2ccc(Cl)s2)C1,CHEMBL235593,=,=,nM,0.44,nM,0.44,9.356547323513812
CC(C)N1CCC(NC(=O)c2cc3ccc(Cl)cc3n2Cc2cc(-c3ccc(Cl)s3)on2)CC1,CHEMBL191480,=,=,nM,7.0,nM,7.0,8.154901959985743
Cc1nc(N)ccc1CNC(=O)[C@@H]1CC[C@H]2CN(S(=O)(=O)C(c3ccccc3)c3ccccc3)CC(=O)N21,CHEMBL17793,=,=,nM,10.0,nM,10.0,8.0
N=C(N)N1CCc2ccc(OC(C(=O)O)c3ccc(O[C@H]4CCN(C(=N)N)C4)cc3)cc2C1,CHEMBL147988,=,=,nM,200.0,uM,0.2,6.698970004336019
N=C(N)c1ccc(CNC(=O)[C@@H]2Cc3ccc(cc3)NC(=O)CCN3CCN(CCC(=O)Nc4cccc(c4)C[C@@H](NS(=O)(=O)Cc4ccccc4)C(=O)N2)CC3)cc1.O=C(O)C(F)(F)F,CHEMBL2315245,=,=,nM,1260.0,nM,1260.0,5.8996294548824375
O=C(Nc1cccc(OCc2ccc(-c3ccccc3F)cc2)c1)C1CCNCC1,CHEMBL524125,=,=,nM,767.0,uM,0.767,6.115204636051019
Cc1cccc2c1cc(C(=O)NCC1CCN(C(=N)N)CC1)n2Cc1cccc(C(=N)N)c1,CHEMBL329681,=,=,nM,25.0,nM,25.0,7.6020599913279625
CS(=O)(=O)c1ccccc1-c1ccc(NC(=O)c2cc(C(F)(F)F)nn2-c2cccc(C(=N)N)c2)cc1,CHEMBL154238,=,=,nM,0.008,nM,0.008,11.096910013008056
CCOC(=O)[C@]1(C)CCC[C@@]2(C)[C@@H]3CC[C@@]4(C)C[C@]3(CC[C@@H]21)C/C4=N\OC/C=C/c1cccc2ccccc12,CHEMBL4533350,=,=,nM,12136.0,uM,12.136,4.915924432221326
COc1ccc(-n2nc(C(N)=O)c3c2C(=O)N(c2ccc(C(C)(C)CN)cc2)CC3)cc1,CHEMBL3314450,=,=,nM,0.15,nM,0.15,9.823908740944319
COCCCC(NC(=O)[C@@H]1CCCN1C(=O)[C@@H](NC(=O)OCc1ccccc1)C(c1ccccc1)c1ccccc1)B1O[C@@H]2CC3CC(C3(C)C)[C@]2(C)O1,CHEMBL36744,=,=,nM,7.2,nM,7.2,8.142667503568731
C[C@@H](C(=O)N1CCCCC1)N1CC[C@H](NS(=O)(=O)c2ccc3cc(Cl)ccc3c2)C1=O,CHEMBL211875,=,=,nM,1.0,nM,1.0,9.0
Cc1ccc(CCOc2cc(C(=O)NCC3CCN(c4ccncc4)CC3)ccc2Cl)cc1,CHEMBL419325,=,=,nM,124.0,nM,124.0,6.906578314837765
CCc1nc2c(N)c(OC3CCN(C(C)=N)CC3)ccc2n1Cc1ccc2ccc(C(=N)N)cc2c1,CHEMBL277204,=,=,nM,8.0,nM,8.0,8.096910013008056
CCOC(=O)N[C@@H](CCCCN)C(=O)c1noc(Cc2ccc(C(=O)NC3Cc4ccccc4C3)cc2)n1,CHEMBL214368,=,=,nM,140000.0,nM,140000.0,3.853871964321762
CC(C)c1ccc(CCNS(=O)(=O)c2cc(C(=N)N)ccc2Cl)cc1,CHEMBL457391,=,=,nM,3000.0,nM,3000.0,5.522878745280337
CCc1nc2ccc(OC3CCN(C(C)=N)CC3)cc2n1C/C=C/c1cccc(N)c1,CHEMBL24460,=,=,nM,0.028,nM,0.028,10.55284196865778
CCOC(=O)N1C[C@H](C(=O)Nc2ccc(Cl)cc2)[C@@H](C(=O)Nc2ccc(-n3ccccc3=O)cc2F)C1,CHEMBL1221675,=,=,nM,54.0,uM,0.054,7.267606240177032
C[C@@H](C(=O)N1CCOCC1)N1CC[C@H](NS(=O)(=O)C2=Nc3ccc(Cl)cc3C2)C1=O,CHEMBL3409879,=,=,nM,90.0,nM,90.0,7.045757490560675
COC(=O)CC(CCc1ccc(C(N)=O)cc1)c1cccc(C(=N)N)c1,CHEMBL155871,=,=,nM,550.0,nM,550.0,6.259637310505756
CCOC(=O)C(Oc1ccc2c(c1)CN(C(=N)N)CC2)c1ccc(OC2CCN(C(=N)c3ccc(OC)cc3)CC2)cc1,CHEMBL144707,=,=,nM,21.0,uM,0.021,7.6777807052660805
Cc1cc(Br)c(O)c(-c2[nH]c3ccc(C(=N)N)cc3c2Cc2ccccc2)c1,CHEMBL50933,=,=,nM,20.0,uM,0.02,7.698970004336019
CCOc1ccc(-c2cccc(S(=O)(=O)N[C@@H](Cc3cccc(C(=N)N)c3)C(=O)N3CCC(CCCC(=O)NC)CC3)c2)c(Cl)c1,CHEMBL3219084,=,=,nM,180.0,uM,0.18,6.7447274948966935
N=C(N)c1cccc(N2CCCN(C3CCN(Cc4ccccc4)CC3)C2=O)c1,CHEMBL329127,=,=,nM,400.0,nM,400.0,6.3979400086720375
O=C(Nc1cccc(OCc2cc(F)cc(F)c2)c1)C1CCN(c2ccncc2)CC1,CHEMBL2441054,=,=,nM,27000.0,uM,27.0,4.568636235841013
N=C(N)c1ccc2[nH]c(Cc3nc4ccccc4[nH]3)nc2c1,CHEMBL46148,=,=,nM,1.0,nM,1.0,9.0
CC(C)N1CCC(NC(=O)c2nn(CC(=O)Nc3ccc(Cl)cc3)c3ccccc23)CC1,CHEMBL5205467,=,=,nM,1738.0,nM,1738.0,5.7599502278873524
N=C(N)c1cccc(Cn2c(C(=O)NCc3ccnc4ccccc34)cc3c(O)cccc32)c1,CHEMBL328324,=,=,nM,300.0,nM,300.0,6.522878745280337
COc1ccc(-n2nc(C(F)(F)F)c3c2C(=O)N(c2ccc(C4(NC(C)=O)CC4)cc2)CC3)cc1,CHEMBL517714,=,=,nM,5.1,nM,5.1,8.292429823902063
CN(C)CCNC(=O)C(Oc1cccc2sc(C(=N)N)cc12)c1ccccc1,CHEMBL597553,=,=,nM,3400.0,uM,3.4,5.468521082957745
C[C@H]1CN2CC(=O)Nc3ccc(cc3)C[C@@H](C(=O)NCc3ccc(C(=N)N)cc3)NC(=O)[C@H](NS(=O)(=O)Cc3ccccc3)Cc3ccc(cc3)CNC(=O)CN1C[C@@H]2C.O=C(O)C(F)(F)F,CHEMBL2315238,=,=,nM,3250.0,nM,3250.0,5.488116639021126
Nc1cc(C2=NOC(CNS(=O)(=O)Cc3ccccc3)(C(=O)Nc3ccc(-c4ccccc4S(N)(=O)=O)cn3)C2)ccc1Cl,CHEMBL268329,=,=,nM,2.2,nM,2.2,8.657577319177793
N=C(N)c1cccc(C[C@H](NS(=O)(=O)c2ccc3ccccc3c2)C(=O)N2CCC[C@H]2C(=O)OCc2ccccc2)c1,CHEMBL356071,=,=,nM,19998.62,,4.699,4.6989999716891555
CNC(=O)[C@H]1CCCN(C(=O)[C@H](Cc2cccc(C(=N)N)c2)NS(=O)(=O)c2c(C(C)C)cc(C(C)C)cc2C(C)C)C1,CHEMBL343254,=,=,nM,1513.56,,5.82,5.820000358220839
N=C(N)c1ccc(OC[C@@H]2COc3ccc(N(Cc4ccccc4)C(=O)C(=O)O)cc3O2)cc1,CHEMBL2337673,=,=,nM,1270.0,uM,1.27,5.896196279044043
COc1ccc(-n2nc(C(N)=O)c3c2C(=O)N(C2CCN(c4ccccc4CN(C)S(C)(=O)=O)CC2)CC3)cc1,CHEMBL246742,=,=,nM,81.0,nM,81.0,7.0915149811213505
CS(=O)(=O)c1ccccc1[C@H]1CC[C@H](NC(=O)c2cc(C(F)(F)F)nn2-c2cccc(CN)c2)CC1,CHEMBL246323,=,=,nM,5.7,nM,5.7,8.244125144327509
N=C(N)c1cccc(CNc2ccc3ccn(-c4cccc(C(=N)N)c4)c3c2)c1,CHEMBL172147,=,=,nM,190.0,nM,190.0,6.721246399047171
CS(=O)(=O)c1ccccc1-c1ccc(NC(=O)c2cc(C(F)(F)F)nn2-c2cccc(CNC(=O)CN)c2)c(F)c1,CHEMBL601216,=,=,nM,9.0,nM,9.0,8.045757490560675
CN(C)Cc1ccccc1-c1ccc(N2CCc3c(C(F)(F)F)nn(-c4ccc5onc(N)c5c4)c3C2=O)cc1,CHEMBL211410,=,=,nM,0.04,nM,0.04,10.397940008672037
N=C(N)c1ccc(Oc2ccc3c4ccccc4n(Cc4ccc5ccc(C(=N)N)cc5c4)c3c2)cc1,CHEMBL175333,=,=,nM,6.0,nM,6.0,8.221848749616356
N=C(N)c1ccc(Oc2ccc(C(=O)N3CCC(CCN)CC3)c(Oc3ccc(C(=N)N)cc3)n2)cc1,CHEMBL3099584,=,=,nM,1500.0,uM,1.5,5.823908740944319
COc1ccc(-n2nc(Cn3ncnn3)c3c2C(=O)N(c2ccc(-c4ccccc4CN4CC[C@@H](O)C4)cc2)CC3)cc1,CHEMBL395373,=,=,nM,1.1,nM,1.1,8.958607314841775
Cc1ccc2c(c1)c(C(=O)O)c1n2C[C@@](NC(=O)c2ccc(-n3cnnc3)cc2Cl)(c2ccccc2)CC1,CHEMBL3629111,=,=,nM,234.0,nM,234.0,6.6307841425898575
CC(=O)N1CCC(NC(=O)c2cc3ccccc3n2Cc2cc(-c3ccc(Cl)s3)on2)CC1,CHEMBL426255,=,=,nM,763.0,nM,763.0,6.117475462045119
N=C(N)c1ccc2[nH]c(-c3ccccc3O)cc2c1,CHEMBL284805,=,=,nM,2700.0,uM,2.7,5.568636235841013
C[C@@H](C(=O)N1CCOCC1)N1CC[C@H](N(CC(=O)O)S(=O)(=O)c2ccc3cc(Cl)ccc3c2)C1=O,CHEMBL213189,=,=,nM,2.0,nM,2.0,8.698970004336019
CCN1CCN(Cc2csc(C(=O)Nc3ccc(Cl)cc3C(=O)Nc3ccc(Cl)cc3)c2Cl)CC1,CHEMBL242742,=,=,nM,1.6,nM,1.6,8.795880017344075
CC(=N)NCc1cccc(-c2ccc(C(=O)Nc3ccc(Cl)cc3C(=O)Nc3ccc(Cl)cn3)cc2)c1,CHEMBL425142,=,=,nM,1.8,nM,1.8,8.744727494896694
N=C(N)c1ccc(/C=C2\CCC/C(=C\c3ccc(C(=N)N)cc3)C2=O)cc1,CHEMBL150308,=,=,nM,5600.0,nM,5600.0,5.251811972993799
CS(=O)(=O)c1ccc2[nH]c(NC(=O)c3ccc(CNC(=O)C(Cc4ccccc4)c4c[nH]c5ccc(C(=N)N)cc45)cc3)nc2c1,CHEMBL363266,=,=,nM,1100.0,nM,1100.0,5.958607314841775
N=C(N)c1ccc(/C=C2/CC(C(=O)O)C/C(=C/c3ccc(C(=N)N)cc3)C2=O)cc1,CHEMBL151164,=,=,nM,6.9,nM,6.9,8.161150909262744
N=C(N)NCCC(=O)Nc1cccc(S(=O)(=O)N[C@@H](Cc2cccc(C(=N)N)c2)C(=O)N2CCC(CCNC(=N)N)CC2)c1,CHEMBL378192,=,=,nM,2000.0,uM,2.0,5.698970004336019
CC(C)c1cc(C(C)C)c(S(=O)(=O)N[C@@H](Cc2cccc(C(=N)N)c2)C(=O)N2CCCN(C(=O)C3CCNCC3)CC2)c(C(C)C)c1,CHEMBL208586,=,=,nM,5800.0,uM,5.8,5.236572006437063
Cc1cc(Br)c(O)c(-c2[nH]c3ccc(C(=N)N)cc3c2CCc2ccccc2)c1,CHEMBL53848,=,=,nM,350.0,uM,0.35,6.455931955649724
O=C(N[C@H]1CCCC[C@H]1NC(=O)c1ccc(Cl)s1)c1ccc(C2(CN3CCCC3)CC2)cc1,CHEMBL234590,=,=,nM,0.95,nM,0.95,9.022276394711152
CN(C)Cc1ccccc1-c1ccc(N2CCc3c(C(F)(F)F)nn(-c4ccccc4C(N)=O)c3C2=O)cc1,CHEMBL385756,=,=,nM,2.7,nM,2.7,8.568636235841012
N=C(N)c1cccc(C[C@H](NS(=O)(=O)c2ccc3ccccc3c2)C(=O)N2CCc3ccccc3C2)c1,CHEMBL358366,=,=,nM,17988.71,,4.745,4.7449999795098705
CCOC(=O)C(Oc1ccc2c(c1)CN(C(=N)N)CC2)c1ccc(O[C@H]2CCN(C(C)=N)C2)cc1,CHEMBL146097,=,=,nM,100.0,uM,0.1,7.0
N=C(N)c1cccc(C(=O)N[C@H](Cc2ccccc2)C(=O)NCC2CCC(CN)CC2)c1,CHEMBL349134,=,=,nM,25700.0,uM,25.7,4.590066876668706
CN1CCN(Cc2c(C(=O)Nc3ccc(Cl)cc3C(=O)Nc3ccc(Cl)cc3)sc3ccccc23)CC1,CHEMBL244665,=,=,nM,20.0,nM,20.0,7.698970004336019
O=C(O)CN(C1CCCN(c2ccc(-n3ccccc3=O)cc2)C1=O)S(=O)(=O)c1cc2ccc(Cl)nc2s1,CHEMBL442457,=,=,nM,0.13,nM,0.13,9.886056647693163
O=C(N[C@@H]1CCCC[C@@H]1NC(=O)c1ccc(-n2ccccc2=O)cc1F)c1ccc2c(Cl)c[nH]c2c1,CHEMBL401024,=,=,nM,0.71,nM,0.71,9.148741651280925
O=C(NCC1CCN(c2ccncc2)CC1)c1ccc(Cl)c(OCCc2cccc(Cl)c2)c1,CHEMBL97839,=,=,nM,1931.0,nM,1931.0,5.714217726220605
CC(=N)N1CCC(Oc2ccc3c(c2)nc(CCC(N)=O)n3Cc2ccc3ccc(C(=N)N)cc3c2)CC1,CHEMBL172795,=,=,nM,3.6,nM,3.6,8.443697499232712
N=C(N)c1ccc(CC(=O)[C@H](Cc2cccc(CN)c2)NC(=O)[C@@H](CCCc2ccccc2)NS(=O)(=O)Cc2cccc(C(=O)O)c2)cc1,CHEMBL4238882,=,=,nM,45.0,nM,45.0,7.346787486224656
CC(C)(C)OC(=O)N[C@@H](CO)C(=O)NCC(=O)NCc1ccc(C(=N)N)cc1,CHEMBL350657,=,=,nM,110000.0,uM,110.0,3.958607314841775
CS(=O)(=O)c1ccccc1-c1ccc(NC(=O)[C@H]2CN(S(C)(=O)=O)C[C@@H]2C(=O)Nc2ccc(Cl)cc2)nc1,CHEMBL1222342,=,=,nM,42.0,uM,0.042,7.376750709602099
N=C(N)c1cccc(N2CC(OCc3ccccc3)CN(CC3CCN(Cc4ccccc4)CC3)C2=O)c1,CHEMBL3780208,=,=,nM,920.0,uM,0.92,6.036212172654444
Cc1ccc(NC(=O)c2sccc2Cl)c(C(=O)Nc2ccc(Cl)cc2)c1,CHEMBL149875,=,=,nM,130.0,nM,130.0,6.886056647693163
Cc1c(F)c(Oc2cccc(CN)c2)cc(Oc2cccc(C(=N)N)c2)c1F,CHEMBL127052,=,=,nM,1400.0,nM,1400.0,5.853871964321762
Nc1cc(C2=NOC(Cn3cccn3)(C(=O)Nc3ccc(-c4ccccc4S(N)(=O)=O)cn3)C2)ccc1Cl,CHEMBL267387,=,=,nM,1100.0,nM,1100.0,5.958607314841775
N=C(N)c1ccc(CCC(CC(=O)O)c2cccc(C(=N)N)c2)cc1,CHEMBL347586,=,=,nM,1400.0,nM,1400.0,5.853871964321762
Nc1noc2ccc(-n3nnnc3C(=O)Nc3ccc(-c4ccccc4S(N)(=O)=O)cc3)cc12,CHEMBL442766,=,=,nM,0.98,nM,0.98,9.008773924307505
CCCS(=O)(=O)NC(CCc1cccc[n+]1[O-])C(=O)NCC(=O)NCc1cc(Cl)ccc1CN,CHEMBL231292,=,=,nM,3.4,nM,3.4,8.468521082957745
COc1ccc(C(=O)NCC2CCN(C(C)C)CC2)cc1OCCc1ccc(Cl)cc1Cl,CHEMBL94781,=,=,nM,650.0,nM,650.0,6.187086643357144
N=C(N)c1cccc(N2CCCCN(C3CCN(C(=O)c4ccccc4)CC3)C2=O)c1.O=C(O)C(F)(F)F,CHEMBL101586,=,=,nM,7800.0,nM,7800.0,5.107905397309519
CCOC(=O)CN(C(=O)c1ccc2c(c1)OC(OCc1ccc(C(=N)N)cc1)C(=O)N2C)c1ccccc1,CHEMBL461192,=,=,nM,43100.0,uM,43.1,4.3655227298392685
CN1CC(C)(COc2ccc(C(=N)N)cc2)Oc2cc(N(Cc3ccc(F)cc3)C(=O)C(=O)O)ccc21,CHEMBL1952402,=,=,nM,7700.0,uM,7.7,5.113509274827518
COC(=O)c1ccccc1CS(=O)(=O)N[C@H]1CCCCN(CC(=O)N[C@@H](CCCNC(=N)N)C(=O)O)C1=O,CHEMBL1161499,=,=,nM,93.0,nM,93.0,7.031517051446065
CC(C)c1cc(S(=O)(=O)N[C@H](CO)C(=O)NCC(=O)NCc2ccc(C(=N)N)cc2)cc(C(C)C)c1C(C)C,CHEMBL157131,=,=,nM,100000.0,uM,100.0,4.0
CCOC(=O)C(=O)N(Cc1ccccc1)c1ccc2c(c1)O[C@H](COc1ccc(C(=N)N)cc1)CO2.O=C(O)C(F)(F)F,CHEMBL2337669,=,=,nM,637.0,uM,0.637,6.195860567664649
COc1ccc(-n2nc(C(F)(F)F)c3c2C(=O)N(c2ccc(C4(CN5CCOCC5)CC4)cc2)CC3)cc1,CHEMBL471565,=,=,nM,0.064,nM,0.064,10.193820026016112
Cc1nn(-c2ccc3onc(N)c3c2)c2c1CCN(c1ccc(-c3ccccc3CN3CCCC3)cc1)C2=O,CHEMBL379588,=,=,nM,0.31,nM,0.31,9.508638306165727
CC(C)(C(=O)N1CCCCC1)N1CCC(NS(=O)(=O)c2ccc3cc(Cl)ccc3c2)C1=O,CHEMBL210019,=,=,nM,10600.0,nM,10600.0,4.97469413473523
C/C(=N\NC(=N)N)c1cc(NS(=O)(=O)c2ccccc2)cc(/C(C)=N/NC(=N)N)c1,CHEMBL1644912,=,=,nM,80000.0,uM,80.0,4.096910013008056
N=C(N)c1ccc(/C=C2\CC/C(=C\c3ccc(C(=N)N)cc3)C2=O)cc1,CHEMBL150962,=,=,nM,4600.0,nM,4600.0,5.337242168318426
CC(C)(C)OC(=O)N[C@H](CO)C(=O)NCC(=O)NCc1ccc(C(=N)N)cc1,CHEMBL440919,=,=,nM,140000.0,uM,140.0,3.853871964321762
Cc1nccn1-c1ccc(NC(=O)c2cc(C(F)(F)F)nn2-c2ccc3onc(N)c3c2)c(C#N)c1,CHEMBL179410,=,=,nM,0.52,nM,0.52,9.2839966563652
N=C(N)c1ccc2ccc(CN(CCc3ccc(F)cc3)C(=O)c3cccc4ccccc34)cc2c1,CHEMBL372847,=,=,nM,40.0,nM,40.0,7.3979400086720375
CCOc1cc([C@@H](Nc2ccc3c(N)nccc3c2)C(=O)N2CCC[C@@H]2c2cc(NC(=O)OC)ccc2S(=O)(=O)C(C)C)c(F)cc1F,CHEMBL3114835,=,=,nM,4500.0,nM,4500.0,5.346787486224656
N=C(N)c1ccc2[nH]cc(CC(=O)Nc3ccc(-c4ccccc4S(N)(=O)=O)cc3)c2c1,CHEMBL136846,=,=,nM,2.1,nM,2.1,8.67778070526608
CS(=O)(=O)N1C[C@H](C(=O)Nc2ccc(Cl)cc2)[C@@H](C(=O)Nc2ccc(-n3ccccc3=O)cc2F)C1,CHEMBL1221534,=,=,nM,15.0,uM,0.015,7.823908740944319
Cc1ccc2c3c(nn2c1)CC[C@](NC(=O)c1c(Cl)cc(-n2cnc(C)n2)cc1Cl)(c1cn(C(C)C)nn1)C3,CHEMBL3628953,=,=,nM,743.0,nM,743.0,6.129011186239425
CCOc1cc(C(Nc2ccc3c(N)nccc3c2)C(=O)NCc2ccccc2S(=O)(=O)C2CC2)ccc1OC(C)C,CHEMBL3114840,=,=,nM,3500.0,nM,3500.0,5.455931955649724
N=C(N)c1ccc(CNC(=O)[C@@H]2CC[C@H]3CN(S(=O)(=O)CC(c4ccccc4)c4ccccc4)CC(=O)N32)cc1,CHEMBL404833,=,=,nM,1.0,nM,1.0,9.0
Cc1cc(C(=O)Nc2ccc(N3CCOCC3=O)cc2F)n(-c2cc3ccccc3cc2F)n1,CHEMBL21125,=,=,nM,0.5,nM,0.5,9.301029995663981
CS(=O)(=O)N1CCC(Oc2ccc(NC/C=C/c3cc(C(=N)N)ccc3O)cc2C(F)(F)F)CC1,CHEMBL24287,=,=,nM,44.0,nM,44.0,7.356547323513812
CCOC(=O)C(=O)N(Cc1ccccc1)c1ccc2c(c1)O[C@@H](COc1ccc(C(=N)N)cc1)CO2.O=C(O)C(F)(F)F,CHEMBL2337670,=,=,nM,2700.0,uM,2.7,5.568636235841013
FC(F)CN1CCCCC1CCNc1nccc2oc(Cc3cc(Cl)ccc3-n3cncn3)nc12,CHEMBL370396,=,=,nM,4.7,nM,4.7,8.327902142064282
O=C(N[C@H]1CCCC[C@H]1NC(=O)c1ccc2c(Cl)c[nH]c2c1)c1ccc(N2CCCCC2=O)cc1,CHEMBL233755,=,=,nM,2.6,nM,2.6,8.585026652029182
O=C(CN1CC(NC(=O)c2ccc(Cl)s2)C(C2CC2)C1)Nc1ccc(-n2ccccc2=O)cc1F,CHEMBL549696,=,=,nM,43.0,nM,43.0,7.366531544420414
Nc1cc(C2=NOC(C(=O)Nc3ccc(-c4ccccc4S(N)(=O)=O)cc3)C2)ccc1Cl,CHEMBL51413,=,=,nM,130.0,uM,0.13,6.886056647693163
CNC(=O)c1cc(Oc2cccc(C(=N)N)c2)nc(Oc2cccc(C(=N)N)c2)c1,CHEMBL48409,=,=,nM,60.0,nM,60.0,7.221848749616356
CC(C)(CNC(=O)c1ccc(-n2ccccc2=O)cc1)NC(=O)c1ccc(Cl)s1,CHEMBL234812,=,=,nM,3.2,nM,3.2,8.494850021680094
CN(C)CCN(C)C(=O)N(C1CCCN(c2ccc(-c3ccccc3S(C)(=O)=O)cc2F)C1=O)S(=O)(=O)c1ccc2cc(Cl)ccc2c1,CHEMBL256628,=,=,nM,0.84,nM,0.84,9.075720713938118
Cc1cccc2c1cc(C(=O)NC1CCN(C(C)C)CC1)n2Cc1cc(-c2ccc(Cl)s2)on1,CHEMBL363753,=,=,nM,3.0,nM,3.0,8.522878745280337
CS(=O)(=O)N1CCN(C(=O)[C@H](Cc2cccc(C(=N)N)c2)NS(=O)(=O)c2ccc3ccccc3c2)CC1,CHEMBL323101,=,=,nM,21978.6,,4.658,4.6579999748624346
CS(=O)(=O)Nc1ccc(Oc2cccc(C(=N)N)c2)nc1Oc1cccc(C(=N)N)c1,CHEMBL48595,=,=,nM,130.0,nM,130.0,6.886056647693163
COc1ccc(-n2nc(C(F)(F)F)cc2C(=O)NC2CCN(c3ccccc3CN3CCOCC3)CC2)cc1,CHEMBL397310,=,=,nM,6.6,nM,6.6,8.18045606445813
COc1ccc2ccc(S(=O)(=O)NC3CCN(Cc4cc(C(=N)N)ccc4N)C3=O)cc2c1,CHEMBL86114,=,=,nM,6.31,,8.2,8.199970640755867
CNC(=O)CCCC1CCN(C(=O)[C@H](Cc2cccc(C(=N)N)c2)NS(=O)(=O)c2cccc(-c3ccc(OC)cc3OC)c2)CC1,CHEMBL3219086,=,=,nM,60.0,uM,0.06,7.221848749616356
CCC(C(=O)Nc1ccc(-n2cnc3ccccc32)cc1)c1csc2ccc(C(=N)N)cc12.O=C(O)C(F)(F)F,CHEMBL361520,=,=,nM,71.0,uM,0.071,7.1487416512809245
COc1ccc(-n2nc(C(F)(F)F)c3c2C(=O)N(c2ccc(C4(C(=O)N(C)C)CC4)cc2)CC3)cc1,CHEMBL452802,=,=,nM,5.8,nM,5.8,8.236572006437063
O=C(Nc1ccc(Cl)cc1)c1cc(Cl)ccc1NC(=O)c1scc(CN2CCSCC2)c1Cl,CHEMBL242957,=,=,nM,4.8,nM,4.8,8.318758762624412
O=C(OC1O[C@@H]2COC(=O)c3cc(O)c(O)c(O)c3-c3c(cc(O)c(O)c3O)C(=O)O[C@H]2[C@H](OC(=O)c2cc(O)c(O)c(O)c2)[C@H]1OC(=O)c1cc(O)c(O)c(O)c1)c1cc(O)c(O)c(O)c1,CHEMBL510512,=,=,nM,440.0,uM,0.44,6.356547323513812
CN1CCN(CCCN(Cc2ccc3ccc(C(=N)N)cc3c2)C(=O)c2cccc3ccccc23)CC1,CHEMBL371051,=,=,nM,136.0,nM,136.0,6.866461091629782
N=C(N)c1cc2c(OC(COC(=O)NCc3ccccc3)c3ccccc3)cccc2s1,CHEMBL605842,=,=,nM,830.0,uM,0.83,6.080921907623926
COc1ccc(-n2nc(C(N)=O)c3c2C(=O)N(c2ccc(C4(CCN5CCOCC5)CC4)cc2)CC3)cc1,CHEMBL461454,=,=,nM,0.14,nM,0.14,9.853871964321762
N=C(N)c1ccc2[nH]c(-c3cc([N+](=O)[O-])ccc3O)nc2c1,CHEMBL92250,=,=,nM,7800.0,uM,7.8,5.107905397309519
COc1cc(Cl)cc(C(=O)Nc2ccc(Cl)cn2)c1NC(=O)c1scc(CN(C)C2=NCCCO2)c1Cl,CHEMBL387856,=,=,nM,0.012,nM,0.012,10.920818753952375
O=C(Nc1ccc(Cl)cc1)c1cccc(O)c1NC(=O)c1sc2ccccc2c1Cl,CHEMBL146149,=,=,nM,18.0,nM,18.0,7.7447274948966935
O=C(N[C@H]1CN(C(=O)N2CCCC2)C[C@H]1NC(=O)c1ccc(Cl)s1)c1ccc(-n2ccccc2=O)cc1,CHEMBL442079,=,=,nM,1.7,nM,1.7,8.769551078621726
COc1ccc(O)c(C(=O)Nc2ccc(C(=N)N)cc2)c1,CHEMBL62255,=,=,nM,5200.0,uM,5.2,5.2839966563652006
N=C(N)c1ccc(CC(=O)C(=O)O)c(OC[C@@H](CC(=O)O)NC(=O)C2CCN(c3ccncc3)CC2)c1,CHEMBL301368,=,=,nM,18.0,uM,0.018,7.7447274948966935
CN1CC(C)(COc2ccc(C(=N)N)cc2)Oc2cc(N(CC(=O)O)Cc3cc(F)cc(F)c3)ccc21,CHEMBL1949836,=,=,nM,4000.0,uM,4.0,5.3979400086720375
CS(=O)(=O)c1ccccc1-c1ccc(NC(=O)c2cc(C(F)(F)F)nn2-c2ccccc2CN)c(F)c1,CHEMBL146910,=,=,nM,0.46,nM,0.46,9.337242168318426
N=C(N)c1ccc(CNC(=O)[C@@H]2Cc3ccc(cc3)NC(=O)CCN3CCN(CCC(=O)Nc4ccc(cc4)C[C@@H](NC(=O)CCCc4ccccc4)C(=O)N2)CC3)cc1.O=C(O)C(F)(F)F.O=C(O)C(F)(F)F.O=C(O)C(F)(F)F,CHEMBL4466116,=,=,nM,11530.0,nM,11530.0,4.938170692705301
O=C(Nc1ccc(Cl)cc1)c1cc(Cl)ccc1NC(=O)c1scc(Cn2ncnn2)c1Cl,CHEMBL396805,=,=,nM,2.0,nM,2.0,8.698970004336019
CC(=O)Nc1ccc(C(=O)NCC2CCN(c3ccncc3)CC2)cc1OCCc1ccc(Cl)cc1Cl,CHEMBL318660,=,=,nM,316.0,nM,316.0,6.5003129173815966
O=C1[C@@H](NS(=O)(=O)c2ccc3cc(Cl)ccc3c2)CCN1c1ccc([C@H]2CCCN2)cc1F,CHEMBL1614819,=,=,nM,2.0,nM,2.0,8.698970004336019
CS(=O)(=O)N1C[C@H](C(=O)Nc2ccc(Cl)cc2)[C@@H](C(=O)Nc2ccc(-n3ccccc3=O)cn2)C1,CHEMBL1221491,=,=,nM,40.0,uM,0.04,7.3979400086720375
CC(C)(C)NC(=O)NC1CCN(C(=O)[C@H](Cc2cccc(C(=N)N)c2)NS(=O)(=O)c2cccc(-c3ccc(C(=N)N)cc3)c2)CC1,CHEMBL5207279,=,=,nM,84.0,uM,0.084,7.075720713938118
CC(=N)N1CCC(Oc2ccc3c(c2)nc(C(C)(C)C)n3Cc2ccc3ccc(C(=N)N)cc3c2)CC1,CHEMBL175286,=,=,nM,2.0,nM,2.0,8.698970004336019
COc1cc(Cl)ccc1C(=O)N[C@@H]1CCC[C@@H]1NC(=O)c1ccc(-n2ccccc2=O)cc1,CHEMBL232923,=,=,nM,7420.0,nM,7420.0,5.129596094720973
Cc1cc(C(=O)Nc2ccc(-c3ccccc3)cc2)n(-c2cccc(C(=N)N)c2)n1,CHEMBL444074,=,=,nM,1.3,nM,1.3,8.886056647693163
N=C(N)c1cccc(Cn2c(C(=O)NCC34C[C@H]5C[C@@H](C3)C[C@@H](C4)C5)cc3c(O)cccc32)c1,CHEMBL329029,=,=,nM,274.0,nM,274.0,6.562249437179612
N=C(N)c1ccc2[nH]c(-c3cc(-c4nn[nH]n4)cc(Br)c3O)c(Cc3ccccc3)c2c1,CHEMBL53478,=,=,nM,10.0,uM,0.01,8.0
COC(=O)[C@H](Cc1cccc(C(=N)N)c1)[C@@H](CC(C)C)NC(=O)c1ccc(-c2cccc(CN)c2)cc1,CHEMBL44831,=,=,nM,0.4,nM,0.4,9.397940008672037
CC(C)c1cc(C(C)C)c(S(=O)(=O)NC(Cc2cccc(C(=N)N)c2)C(=O)N2CCN(C(=O)CN)CC2)c(C(C)C)c1,CHEMBL209841,=,=,nM,10500.0,uM,10.5,4.978810700930062
C[C@H]1CC[C@@H](Oc2cccc(-c3nc4cc(C(=N)N)c(F)cc4[nH]3)c2O)CC1,CHEMBL62509,=,=,nM,38000.0,uM,38.0,4.42021640338319
Nc1ccc2[nH]c(-c3cc(CC(=O)O)cc(-c4cccc([N+](=O)[O-])c4)c3O)cc2n1,CHEMBL377956,=,=,nM,3500.0,uM,3.5,5.455931955649724
Nc1noc2ccc(-n3nc(C(F)(F)F)c4c3C(=O)N(c3ccc(-c5ccccc5CN5CCNCC5)cc3)CC4)cc12,CHEMBL212202,=,=,nM,0.64,nM,0.64,9.193820026016112
FC(F)(CNc1nccc2oc(Cc3ccccc3-n3cnnn3)nc12)C1CCCCN1,CHEMBL198416,=,=,nM,11.0,nM,11.0,7.958607314841775
CC(C)N(Cc1ccncc1)C(=O)[C@H](C)N1CC[C@H](NS(=O)(=O)c2ccc3cc(Cl)ccc3c2)C1=O,CHEMBL373457,=,=,nM,6.0,nM,6.0,8.221848749616356
CC(C)N1C[C@H](C(=O)Nc2ccc(Cl)cn2)[C@@H](C(=O)Nc2ccc(-n3ccccc3=O)cc2F)C1,CHEMBL1221915,=,=,nM,15.0,uM,0.015,7.823908740944319
N=C(N)c1ccc(-n2c3ccccc3c3ccc(OCc4ccc5ccc(C(=N)N)cc5c4)cc32)cc1,CHEMBL367166,=,=,nM,60.0,nM,60.0,7.221848749616356
Cc1ccccc1NC(=O)OCC(Oc1cccc2sc(C(=N)N)cc12)c1ccccc1,CHEMBL604289,=,=,nM,1184.0,uM,1.184,5.926648297613099
N=C(N)c1cccc(CN2CC[C@H](NS(=O)(=O)c3cc4ncccc4s3)C2=O)c1,CHEMBL85757,=,=,nM,26.0,nM,26.0,7.585026652029182
N=C(N)N1CCc2ccc(OC(C(=O)O)c3ccc(OC4CCOCC4)cc3)cc2C1,CHEMBL147707,=,=,nM,3000.0,uM,3.0,5.522878745280337
Nc1noc2ccc(-n3nc(C(F)(F)F)cc3C(=O)Cc3ccc(-n4ccccc4=O)cc3F)cc12,CHEMBL252454,=,=,nM,0.033,nM,0.033,10.481486060122112
COC(=O)CC1(C(=O)Nc2ccc(-c3cccc(S(N)(=O)=O)c3)cc2)CC(c2cccc(C(=N)N)c2)=NO1.O=C(O)C(F)(F)F,CHEMBL433369,=,=,nM,68.0,nM,68.0,7.167491087293763
COc1cccc(CCOc2cc(C(=O)NCC3CCN(c4ccncc4)CC3)ccc2F)c1,CHEMBL330562,=,=,nM,3348.0,nM,3348.0,5.4752145506787775
CN(C)Cc1nccn1-c1ccc(N2CCCC(NS(=O)(=O)c3ccc4cc(Cl)ccc4c3)C2=O)c(F)c1,CHEMBL272349,=,=,nM,2.4,nM,2.4,8.619788758288394
O=C(Nc1cccc(OCc2ccc(-c3c(F)cc(F)cc3F)cc2)c1)C1CCNCC1,CHEMBL453359,=,=,nM,9470.0,uM,9.47,5.023650020996726
COc1ccc(-n2nc(C(N)=O)cc2C(=O)NC2CCN(N3CCOCC3=O)C2)cc1,CHEMBL5850430,=,=,nM,525.0,nM,525.0,6.279840696594043
N=C(N)c1ccc(CNC(=O)[C@@H]2CCC(=O)NCc3cccc(c3)CNC(=O)CC[C@@H](NS(=O)(=O)Cc3ccccc3)C(=O)N2)cc1,CHEMBL2016866,=,=,nM,3430.0,nM,3430.0,5.464705879957229
Nc1noc2ccc(-n3nc(C(F)(F)F)cc3C(=O)N3CCc4cc(-c5ccccc5S(N)(=O)=O)ccc43)cc12,CHEMBL399956,=,=,nM,2.7,nM,2.7,8.568636235841012
CN(C)Cc1nccn1-c1ccc(-n2c(=O)[nH]c3c(C(F)(F)F)nn(-c4ccc5onc(N)c5c4)c3c2=O)c(F)c1,CHEMBL384140,=,=,nM,0.35,nM,0.35,9.455931955649724
CS(=O)(=O)N1C[C@H](C(=O)Nc2ccc(Cl)cc2)[C@@H](C(=O)Nc2c(F)cc(-n3ccccc3=O)cc2F)C1,CHEMBL1222284,=,=,nM,31.0,uM,0.031,7.508638306165727
O=C(N[C@@H]1CCC[C@@H]1NCc1ccc(-n2ccccc2=O)cc1)c1ccc(Cl)s1,CHEMBL233173,=,=,nM,4.2,nM,4.2,8.3767507096021
N=C(N)c1ccc2ccc(CN(CCCc3ccccc3)C(=O)c3cccc4ccccc34)cc2c1,CHEMBL195238,=,=,nM,632.0,nM,632.0,6.199282921717615
CCc1nc2c(NC(C)=O)c(OC3CCN(C(C)=N)CC3)ccc2n1Cc1ccc2ccc(C(=N)N)cc2c1,CHEMBL280769,=,=,nM,50.0,nM,50.0,7.301029995663981
Nc1[nH]ccc2nc(CN3CCN(S(=O)(=O)c4cc5ccc(Cl)cc5s4)CC3=O)cc1-2,CHEMBL348778,=,=,nM,1022.0,nM,1022.0,5.990549104201306
COC(=O)Nc1ccc(S(=O)(=O)C(C)C)c([C@H]2CCCN2C(=O)[C@H](Nc2ccc3c(N)nccc3c2)c2ccc(F)c(OC)c2)c1,CHEMBL3114832,=,=,nM,6400.0,nM,6400.0,5.1938200260161125
CNC(=O)c1cccc(Oc2nc(Oc3cccc(C(=N)N)c3)c(F)c(C)c2F)c1,CHEMBL79735,=,=,nM,1300.0,nM,1300.0,5.886056647693163
N=C(N)c1cccc(Cn2c(C(=O)NCc3cc(F)cc(F)c3)cc3c(O)cccc32)c1,CHEMBL327562,=,=,nM,191.0,nM,191.0,6.718966632752273
N=C(N)c1ccc(O)c(CCCNC(=O)c2ccc(-c3ccccn3)s2)c1,CHEMBL68101,=,=,nM,131.0,nM,131.0,6.882728704344236
Nc1ccc(CCOc2cc(C(=O)NCC3CCN(c4ccncc4)CC3)ccc2F)cc1,CHEMBL328654,=,=,nM,1554.0,nM,1554.0,5.808548985535104
CCCS(=O)(=O)N[C@@H](C(=O)N[C@@H](CCSC)C(=O)NCc1ccc(C(=N)N)cc1)[C@@H](C)CC,CHEMBL523575,=,=,nM,1500.0,nM,1500.0,5.823908740944319
Nc1noc2ccc(-n3nc(C(F)(F)F)cc3C(=O)Nc3ccc(-c4ccccc4CN4CC[C@H](O)C4)cc3F)cc12,CHEMBL381836,=,=,nM,0.53,nM,0.53,9.275724130399212
CS(=O)(=O)c1ccccc1-c1ccc2c(c1)CCN2C(=O)c1cc(C(F)(F)F)nn1-c1ccc2onc(N)c2c1,CHEMBL251762,=,=,nM,1.5,nM,1.5,8.823908740944319
O=C(Nc1cccc(OCc2ccccc2F)c1)C1CCN(c2ccncc2)CC1,CHEMBL2441055,=,=,nM,6830.0,uM,6.83,5.165579296318468
N=C(N)c1cccc(C(=O)N[C@@H](C(=O)NCC2CCC(CN)CC2)c2ccccc2)c1,CHEMBL417827,=,=,nM,220.0,nM,220.0,6.657577319177793
O=C(NCC1CCc2ncncc2C1)[C@@H]1CCCN1C(=O)[C@@H](CC1CCCCC1)NS(=O)(=O)Cc1ccccc1,CHEMBL165196,=,=,nM,111000.0,uM,111.0,3.9546770212133424
COc1ccc(-n2nc(C(F)(F)F)cc2C(=O)NC2CCN(c3ccccc3S(C)(=O)=O)CC2)cc1,CHEMBL395196,=,=,nM,14.0,nM,14.0,7.853871964321762
N=C(N)c1ccc2[nH]c(-c3ccccn3)nc2c1,CHEMBL381148,=,=,nM,27.0,uM,0.027,7.568636235841013
Cc1c(F)c(Oc2cccc(C(=N)N)c2)nc(N2CCC(C)(c3ccccc3)CC2)c1F,CHEMBL417750,=,=,nM,560.0,nM,560.0,6.251811972993799
NC(=O)c1ccc(N2CC[C@H](NS(=O)(=O)/C=C/c3ccc(Cl)s3)C2=O)c(F)c1,CHEMBL594515,=,=,nM,5.1,nM,5.1,8.292429823902063
COCCC(=O)N[C@@H](CCC(N)=O)C(=O)N[C@@H](Cc1ccccc1)C(=O)N[C@@H](CCCNC(=N)N)C(=O)c1nc2ccccc2s1,CHEMBL6172535,=,=,nM,102.0,nM,102.0,6.991399828238082
CCN(C(=O)c1cc(C(N)=O)nn1-c1ccc(OC)cc1)C1CCN(N2CCOCC2=O)CC1,CHEMBL5953215,=,=,nM,525.0,nM,525.0,6.279840696594043
N=C(N)c1ccc(CNC(=O)C2(NC(=O)[C@H](NCC(=O)O)C3CCCCC3)Cc3ccccc3C2)cc1,CHEMBL215295,=,=,nM,16000.0,uM,16.0,4.795880017344075
COc1cccc2c1cc(C(=O)NCc1ccc(C(=N)N)cc1)n2Cc1cccc(C(=N)N)c1,CHEMBL92244,=,=,nM,131.0,nM,131.0,6.882728704344236
COc1cc(Cl)cc(C(=O)Nc2ccc(Cl)cn2)c1NC(=O)c1scc(CN(C)C2=NC(=O)CO2)c1Cl,CHEMBL226668,=,=,nM,0.026,nM,0.026,10.585026652029182
CC(=O)O.N=C(N)c1ccc(CNC[C@H]2CN(c3ccc(N4CCC(C(=O)O)CC4)cc3)C(=O)O2)cc1,CHEMBL2391198,=,=,nM,54100.0,uM,54.1,4.266802734893431
CN(C)CCN(C)Cc1csc(C(=O)Nc2ccc(Cl)cc2C(=O)Nc2ccc(Cl)cc2)c1Cl,CHEMBL390690,=,=,nM,0.45,nM,0.45,9.346787486224656
COC(=O)OC[C@@H](NS(=O)(=O)Cc1ccccc1)C(=O)NCC(=O)NCc1ccc(C(=N)N)cc1,CHEMBL159162,=,=,nM,340.0,uM,0.34,6.468521082957745
Cc1cn(-c2cccc(Oc3cc(C(=O)O)cc(Oc4cc(C(=N)N)ccc4O)n3)c2)cn1,CHEMBL79828,=,=,nM,13.0,nM,13.0,7.886056647693163
NS(=O)(=O)c1ccccc1-c1ccc(NC(=O)C2CC(c3cccs3)=NO2)cc1,CHEMBL50406,=,=,nM,1300.0,uM,1.3,5.886056647693163
N=C(N)c1cccc(C2=NOC(Cn3cnnn3)(C(=O)Nc3ccc(-c4ccccc4S(N)(=O)=O)cc3)C2)c1,CHEMBL159418,=,=,nM,1.6,nM,1.6,8.795880017344075
Cc1c(F)c(Oc2cccc(C(=N)N)c2)nc(N2CCN(C3CCCCC3)CC2)c1F,CHEMBL56410,=,=,nM,495.0,nM,495.0,6.305394801066432
N=C(N)c1cccc(N2CCCCN(C3CCN(S(=O)(=O)c4ccccc4N)CC3)C2=O)c1.O=C(O)C(F)(F)F.O=C(O)C(F)(F)F,CHEMBL1160791,=,=,nM,34.0,nM,34.0,7.468521082957745
N=C(N)c1ccc2scc(C(Cc3ccccc3)C(=O)Nc3ccc(Oc4ccccc4)cc3)c2c1.O=C(O)C(F)(F)F,CHEMBL367575,=,=,nM,450.0,uM,0.45,6.346787486224656
CS(=O)(=O)c1ccccc1-c1ccc(CCNS(=O)(=O)c2cc(C(=N)N)ccc2O)c(OCC(=O)O)c1,CHEMBL455932,=,=,nM,5.0,nM,5.0,8.301029995663981
COC(=O)CC1(C(=O)Nc2ccc(-c3ccccc3C(=O)OC)cc2)CC(c2cccc(C(=N)N)c2)=NO1.O=C(O)C(F)(F)F,CHEMBL329568,=,=,nM,53.0,nM,53.0,7.275724130399211
N=C(N)c1cccc(N2CCCCN(C3CCN(Cc4cccnc4)CC3)C2=O)c1.O=C(O)C(F)(F)F.O=C(O)C(F)(F)F,CHEMBL1160794,=,=,nM,670.0,nM,670.0,6.173925197299173
COc1ccc(-n2nc(C(N)=O)c3c2C(=O)N(c2ccc(C4(CC(N)=O)CC4)cc2)CC3)cc1.O=C(O)C(F)(F)F,CHEMBL464756,=,=,nM,0.36,nM,0.36,9.443697499232712
COc1cc(Cl)cc(C(=O)Nc2ccc(Cl)cn2)c1NC(=O)c1scc(CN(C)S(C)(=O)=O)c1Cl,CHEMBL227307,=,=,nM,0.045,nM,0.045,10.346787486224656
